-- ---------------------------------------------------------------------------------------------
-- Query to insert data to table F21_S001_22_patient
-- ---------------------------------------------------------------------------------------------
INSERT INTO F21_S001_22_PATIENT
(PATIENT_ID, FNAME, LNAME, DOB, GENDER, SSN, EMAIL)
VALUES('pat5001', 'Bobette', 'Goublier', TIMESTAMP '2006-10-03 00:00:00.000000', 'F', '652-78-1933', 'ggoublier0@odnoklassniki.ru');
INSERT INTO F21_S001_22_PATIENT
(PATIENT_ID, FNAME, LNAME, DOB, GENDER, SSN, EMAIL)
VALUES('pat5002', 'Andros', 'Fihelly', TIMESTAMP '1981-10-12 00:00:00.000000', 'F', '456-44-5464', 'sfihelly1@mozilla.org');
INSERT INTO F21_S001_22_PATIENT
(PATIENT_ID, FNAME, LNAME, DOB, GENDER, SSN, EMAIL)
VALUES('pat5003', 'Tessi', 'Powrie', TIMESTAMP '1988-12-12 00:00:00.000000', 'M', '804-80-7950', 'dpowrie2@dell.com');
INSERT INTO F21_S001_22_PATIENT
(PATIENT_ID, FNAME, LNAME, DOB, GENDER, SSN, EMAIL)
VALUES('pat5004', 'Vale', 'Gebby', TIMESTAMP '2012-03-08 00:00:00.000000', 'F', '491-67-9274', 'agebby3@constantcontact.com');
INSERT INTO F21_S001_22_PATIENT
(PATIENT_ID, FNAME, LNAME, DOB, GENDER, SSN, EMAIL)
VALUES('pat5005', 'Ramsay', 'Ferryn', TIMESTAMP '1995-06-11 00:00:00.000000', 'M', '733-37-8705', 'fferryn4@nytimes.com');
INSERT INTO F21_S001_22_PATIENT
(PATIENT_ID, FNAME, LNAME, DOB, GENDER, SSN, EMAIL)
VALUES('pat5006', 'Jenny', 'Wenn', TIMESTAMP '1993-12-05 00:00:00.000000', 'F', '408-75-9312', 'mwenn5@gov.uk');
INSERT INTO F21_S001_22_PATIENT
(PATIENT_ID, FNAME, LNAME, DOB, GENDER, SSN, EMAIL)
VALUES('pat5007', 'Aksel', 'Hallsworth', TIMESTAMP '1976-04-10 00:00:00.000000', 'M', '691-64-1229', 'ehallsworth6@homestead.com');
INSERT INTO F21_S001_22_PATIENT
(PATIENT_ID, FNAME, LNAME, DOB, GENDER, SSN, EMAIL)
VALUES('pat5008', 'Kristian', 'Mounsey', TIMESTAMP '1983-10-03 00:00:00.000000', 'M', '644-35-5749', 'dmounsey7@auda.org.au');
INSERT INTO F21_S001_22_PATIENT
(PATIENT_ID, FNAME, LNAME, DOB, GENDER, SSN, EMAIL)
VALUES('pat5009', 'Baryram', 'Philips', TIMESTAMP '2007-08-06 00:00:00.000000', 'F', '768-51-3460', 'dphilips8@google.de');
INSERT INTO F21_S001_22_PATIENT
(PATIENT_ID, FNAME, LNAME, DOB, GENDER, SSN, EMAIL)
VALUES('pat5010', 'Amberly', 'Duiged', TIMESTAMP '1998-09-14 00:00:00.000000', 'M', '315-50-1900', 'dduiged9@gov.uk');
INSERT INTO F21_S001_22_PATIENT
(PATIENT_ID, FNAME, LNAME, DOB, GENDER, SSN, EMAIL)
VALUES('pat5011', 'Gualterio', 'Pigford', TIMESTAMP '2005-04-27 00:00:00.000000', 'F', '537-07-5036', 'kpigforda@livejournal.com');
INSERT INTO F21_S001_22_PATIENT
(PATIENT_ID, FNAME, LNAME, DOB, GENDER, SSN, EMAIL)
VALUES('pat5012', 'Kerianne', 'Bragge', TIMESTAMP '1982-06-24 00:00:00.000000', 'F', '369-42-4077', 'kbraggeb@about.me');
INSERT INTO F21_S001_22_PATIENT
(PATIENT_ID, FNAME, LNAME, DOB, GENDER, SSN, EMAIL)
VALUES('pat5013', 'Dorey', 'Ewert', TIMESTAMP '2004-08-19 00:00:00.000000', 'M', '554-17-7861', 'eewertc@wired.com');
INSERT INTO F21_S001_22_PATIENT
(PATIENT_ID, FNAME, LNAME, DOB, GENDER, SSN, EMAIL)
VALUES('pat5014', 'Albina', 'Evason', TIMESTAMP '1999-08-16 00:00:00.000000', 'M', '199-53-0744', 'levasond@mayoclinic.com');
INSERT INTO F21_S001_22_PATIENT
(PATIENT_ID, FNAME, LNAME, DOB, GENDER, SSN, EMAIL)
VALUES('pat5015', 'Chance', 'Sidebotham', TIMESTAMP '2011-07-18 00:00:00.000000', 'F', '503-55-2747', 'tsidebothame@howstuffworks.com');
INSERT INTO F21_S001_22_PATIENT
(PATIENT_ID, FNAME, LNAME, DOB, GENDER, SSN, EMAIL)
VALUES('pat5016', 'Gunter', 'McKinie', TIMESTAMP '1978-07-22 00:00:00.000000', 'M', '815-61-9103', 'cmckinief@nba.com');
INSERT INTO F21_S001_22_PATIENT
(PATIENT_ID, FNAME, LNAME, DOB, GENDER, SSN, EMAIL)
VALUES('pat5017', 'Arney', 'Clerc', TIMESTAMP '1981-09-05 00:00:00.000000', 'M', '521-14-3533', 'rclercg@technorati.com');
INSERT INTO F21_S001_22_PATIENT
(PATIENT_ID, FNAME, LNAME, DOB, GENDER, SSN, EMAIL)
VALUES('pat5018', 'Philipa', 'Nevins', TIMESTAMP '1994-10-07 00:00:00.000000', 'M', '581-56-8256', 'anevinsh@foxnews.com');
INSERT INTO F21_S001_22_PATIENT
(PATIENT_ID, FNAME, LNAME, DOB, GENDER, SSN, EMAIL)
VALUES('pat5019', 'Hedvige', 'Hammill', TIMESTAMP '1985-09-08 00:00:00.000000', 'F', '455-84-9445', 'bhammilli@domainmarket.com');
INSERT INTO F21_S001_22_PATIENT
(PATIENT_ID, FNAME, LNAME, DOB, GENDER, SSN, EMAIL)
VALUES('pat5020', 'Jacinthe', 'Burke', TIMESTAMP '1999-05-14 00:00:00.000000', 'M', '405-51-5508', 'gburkej@xinhuanet.com');
INSERT INTO F21_S001_22_PATIENT
(PATIENT_ID, FNAME, LNAME, DOB, GENDER, SSN, EMAIL)
VALUES('pat5021', 'Trenna', 'Dunks', TIMESTAMP '1979-12-18 00:00:00.000000', 'M', '115-25-6646', 'ddunksk@weibo.com');
INSERT INTO F21_S001_22_PATIENT
(PATIENT_ID, FNAME, LNAME, DOB, GENDER, SSN, EMAIL)
VALUES('pat5022', 'Bill', 'Bottoner', TIMESTAMP '2007-06-05 00:00:00.000000', 'F', '258-17-4923', 'kbottonerl@elegantthemes.com');
INSERT INTO F21_S001_22_PATIENT
(PATIENT_ID, FNAME, LNAME, DOB, GENDER, SSN, EMAIL)
VALUES('pat5023', 'Avrom', 'Leedes', TIMESTAMP '1982-02-24 00:00:00.000000', 'M', '503-78-2258', 'aleedesm@multiply.com');
INSERT INTO F21_S001_22_PATIENT
(PATIENT_ID, FNAME, LNAME, DOB, GENDER, SSN, EMAIL)
VALUES('pat5024', 'Gertruda', 'Tedman', TIMESTAMP '2005-11-15 00:00:00.000000', 'M', '663-83-2077', 'mtedmann@example.com');
INSERT INTO F21_S001_22_PATIENT
(PATIENT_ID, FNAME, LNAME, DOB, GENDER, SSN, EMAIL)
VALUES('pat5025', 'Guillaume', 'Gaylard', TIMESTAMP '1976-04-01 00:00:00.000000', 'F', '289-80-4058', 'bgaylardo@timesonline.co.uk');
INSERT INTO F21_S001_22_PATIENT
(PATIENT_ID, FNAME, LNAME, DOB, GENDER, SSN, EMAIL)
VALUES('pat5026', 'Leland', 'Pervew', TIMESTAMP '2003-07-05 00:00:00.000000', 'M', '567-61-3273', 'tpervewp@cdbaby.com');
INSERT INTO F21_S001_22_PATIENT
(PATIENT_ID, FNAME, LNAME, DOB, GENDER, SSN, EMAIL)
VALUES('pat5027', 'Sampson', 'Jiggins', TIMESTAMP '1979-12-04 00:00:00.000000', 'M', '324-61-2453', 'djigginsq@hc360.com');
INSERT INTO F21_S001_22_PATIENT
(PATIENT_ID, FNAME, LNAME, DOB, GENDER, SSN, EMAIL)
VALUES('pat5028', 'Brody', 'Rolstone', TIMESTAMP '2004-03-24 00:00:00.000000', 'M', '789-18-6606', 'orolstoner@house.gov');
INSERT INTO F21_S001_22_PATIENT
(PATIENT_ID, FNAME, LNAME, DOB, GENDER, SSN, EMAIL)
VALUES('pat5029', 'Elaine', 'Mintram', TIMESTAMP '2001-05-17 00:00:00.000000', 'M', '695-70-2365', 'nmintrams@accuweather.com');
INSERT INTO F21_S001_22_PATIENT
(PATIENT_ID, FNAME, LNAME, DOB, GENDER, SSN, EMAIL)
VALUES('pat5030', 'Pen', 'Flatte', TIMESTAMP '1983-12-30 00:00:00.000000', 'F', '746-52-2992', 'bflattet@businessinsider.com');
INSERT INTO F21_S001_22_PATIENT
(PATIENT_ID, FNAME, LNAME, DOB, GENDER, SSN, EMAIL)
VALUES('pat5031', 'Birk', 'Halligan', TIMESTAMP '2010-10-26 00:00:00.000000', 'M', '392-18-2748', 'dohalliganu@mail.ru');
INSERT INTO F21_S001_22_PATIENT
(PATIENT_ID, FNAME, LNAME, DOB, GENDER, SSN, EMAIL)
VALUES('pat5032', 'Harlene', 'Lodwig', TIMESTAMP '1997-05-12 00:00:00.000000', 'M', '464-39-1859', 'tlodwigv@sohu.com');
INSERT INTO F21_S001_22_PATIENT
(PATIENT_ID, FNAME, LNAME, DOB, GENDER, SSN, EMAIL)
VALUES('pat5033', 'Kitti', 'Messum', TIMESTAMP '1987-12-19 00:00:00.000000', 'F', '872-34-3997', 'emessumw@census.gov');
INSERT INTO F21_S001_22_PATIENT
(PATIENT_ID, FNAME, LNAME, DOB, GENDER, SSN, EMAIL)
VALUES('pat5034', 'Ulrick', 'Georgelin', TIMESTAMP '1998-02-14 00:00:00.000000', 'M', '172-74-9369', 'cgeorgelinx@blogtalkradio.com');
INSERT INTO F21_S001_22_PATIENT
(PATIENT_ID, FNAME, LNAME, DOB, GENDER, SSN, EMAIL)
VALUES('pat5035', 'Janine', 'Sugge', TIMESTAMP '2011-11-19 00:00:00.000000', 'M', '679-40-3291', 'asuggey@360.cn');
INSERT INTO F21_S001_22_PATIENT
(PATIENT_ID, FNAME, LNAME, DOB, GENDER, SSN, EMAIL)
VALUES('pat5036', 'Obed', 'Bussons', TIMESTAMP '1981-02-28 00:00:00.000000', 'F', '452-97-8462', 'kbussonsz@is.gd');
INSERT INTO F21_S001_22_PATIENT
(PATIENT_ID, FNAME, LNAME, DOB, GENDER, SSN, EMAIL)
VALUES('pat5037', 'Eldon', 'Lazer', TIMESTAMP '2009-02-18 00:00:00.000000', 'M', '618-96-4826', 'rlazer10@gmpg.org');
INSERT INTO F21_S001_22_PATIENT
(PATIENT_ID, FNAME, LNAME, DOB, GENDER, SSN, EMAIL)
VALUES('pat5038', 'Reynold', 'Lamzed', TIMESTAMP '2004-01-14 00:00:00.000000', 'F', '760-71-2711', 'rlamzed11@whitehouse.gov');
INSERT INTO F21_S001_22_PATIENT
(PATIENT_ID, FNAME, LNAME, DOB, GENDER, SSN, EMAIL)
VALUES('pat5039', 'Risa', 'Dey', TIMESTAMP '1975-10-06 00:00:00.000000', 'M', '446-50-3458', 'bdey12@techcrunch.com');
INSERT INTO F21_S001_22_PATIENT
(PATIENT_ID, FNAME, LNAME, DOB, GENDER, SSN, EMAIL)
VALUES('pat5040', 'Krispin', 'Margaret', TIMESTAMP '1996-05-07 00:00:00.000000', 'M', '604-06-6029', 'kmargaret13@livejournal.com');
INSERT INTO F21_S001_22_PATIENT
(PATIENT_ID, FNAME, LNAME, DOB, GENDER, SSN, EMAIL)
VALUES('pat5041', 'Luelle', 'Hobell', TIMESTAMP '1987-08-10 00:00:00.000000', 'M', '212-79-6170', 'nhobell14@g.co');
INSERT INTO F21_S001_22_PATIENT
(PATIENT_ID, FNAME, LNAME, DOB, GENDER, SSN, EMAIL)
VALUES('pat5042', 'Emile', 'Facey', TIMESTAMP '1985-03-12 00:00:00.000000', 'F', '339-06-1645', 'gfacey15@dell.com');
INSERT INTO F21_S001_22_PATIENT
(PATIENT_ID, FNAME, LNAME, DOB, GENDER, SSN, EMAIL)
VALUES('pat5043', 'Richard', 'McClements', TIMESTAMP '1988-06-28 00:00:00.000000', 'M', '619-19-4076', 'emcclements16@tamu.edu');
INSERT INTO F21_S001_22_PATIENT
(PATIENT_ID, FNAME, LNAME, DOB, GENDER, SSN, EMAIL)
VALUES('pat5044', 'Neils', 'Robeson', TIMESTAMP '1991-08-03 00:00:00.000000', 'F', '248-78-1687', 'rrobeson17@ehow.com');
INSERT INTO F21_S001_22_PATIENT
(PATIENT_ID, FNAME, LNAME, DOB, GENDER, SSN, EMAIL)
VALUES('pat5045', 'Kamilah', 'Fairburne', TIMESTAMP '1980-10-13 00:00:00.000000', 'F', '758-64-8124', 'mfairburne18@hhs.gov');
INSERT INTO F21_S001_22_PATIENT
(PATIENT_ID, FNAME, LNAME, DOB, GENDER, SSN, EMAIL)
VALUES('pat5046', 'Ingeberg', 'Archer', TIMESTAMP '1978-11-14 00:00:00.000000', 'F', '269-70-6137', 'nlarcher19@desdev.cn');
INSERT INTO F21_S001_22_PATIENT
(PATIENT_ID, FNAME, LNAME, DOB, GENDER, SSN, EMAIL)
VALUES('pat5047', 'Merissa', 'Willstrop', TIMESTAMP '2011-09-21 00:00:00.000000', 'F', '323-25-6349', 'swillstrop1a@spotify.com');
INSERT INTO F21_S001_22_PATIENT
(PATIENT_ID, FNAME, LNAME, DOB, GENDER, SSN, EMAIL)
VALUES('pat5048', 'Tiffi', 'Unstead', TIMESTAMP '1995-09-20 00:00:00.000000', 'F', '437-49-4824', 'munstead1b@de.vu');
INSERT INTO F21_S001_22_PATIENT
(PATIENT_ID, FNAME, LNAME, DOB, GENDER, SSN, EMAIL)
VALUES('pat5049', 'Clemmie', 'Vernazza', TIMESTAMP '2010-12-19 00:00:00.000000', 'F', '118-07-5016', 'svernazza1c@slideshare.net');
INSERT INTO F21_S001_22_PATIENT
(PATIENT_ID, FNAME, LNAME, DOB, GENDER, SSN, EMAIL)
VALUES('pat5050', 'Elaine', 'Blaber', TIMESTAMP '2001-08-07 00:00:00.000000', 'M', '600-21-1890', 'kblaber1d@topsy.com');

-- ---------------------------------------------------------------------------------------------
-- Query to insert data to table F21_S001_22_dependent
-- ---------------------------------------------------------------------------------------------

INSERT INTO F21_S001_22_DEPENDENT
(PATIENT_ID, NAME, DOB, GENDER, RELATIONSHIP)
VALUES('pat5001', 'Beaufort', TIMESTAMP '2009-07-06 00:00:00.000000', 'M', 'son');
INSERT INTO F21_S001_22_DEPENDENT
(PATIENT_ID, NAME, DOB, GENDER, RELATIONSHIP)
VALUES('pat5002', 'Bernette', TIMESTAMP '2013-03-17 00:00:00.000000', 'M', 'son');
INSERT INTO F21_S001_22_DEPENDENT
(PATIENT_ID, NAME, DOB, GENDER, RELATIONSHIP)
VALUES('pat5003', 'Kailey', TIMESTAMP '2003-04-24 00:00:00.000000', 'M', 'daughter');
INSERT INTO F21_S001_22_DEPENDENT
(PATIENT_ID, NAME, DOB, GENDER, RELATIONSHIP)
VALUES('pat5004', 'Bertram', TIMESTAMP '2012-11-27 00:00:00.000000', 'M', 'son');
INSERT INTO F21_S001_22_DEPENDENT
(PATIENT_ID, NAME, DOB, GENDER, RELATIONSHIP)
VALUES('pat5005', 'Pattie', TIMESTAMP '2016-01-27 00:00:00.000000', 'M', 'son');
INSERT INTO F21_S001_22_DEPENDENT
(PATIENT_ID, NAME, DOB, GENDER, RELATIONSHIP)
VALUES('pat5006', 'Jade', TIMESTAMP '2009-07-16 00:00:00.000000', 'F', 'daughter');
INSERT INTO F21_S001_22_DEPENDENT
(PATIENT_ID, NAME, DOB, GENDER, RELATIONSHIP)
VALUES('pat5007', 'Rasia', TIMESTAMP '2007-10-10 00:00:00.000000', 'F', 'daughter');
INSERT INTO F21_S001_22_DEPENDENT
(PATIENT_ID, NAME, DOB, GENDER, RELATIONSHIP)
VALUES('pat5008', 'Husain', TIMESTAMP '2017-11-19 00:00:00.000000', 'F', 'daughter');
INSERT INTO F21_S001_22_DEPENDENT
(PATIENT_ID, NAME, DOB, GENDER, RELATIONSHIP)
VALUES('pat5009', 'Broderic', TIMESTAMP '2014-11-23 00:00:00.000000', 'M', 'daughter');
INSERT INTO F21_S001_22_DEPENDENT
(PATIENT_ID, NAME, DOB, GENDER, RELATIONSHIP)
VALUES('pat5010', 'Manda', TIMESTAMP '2021-03-04 00:00:00.000000', 'F', 'son');
INSERT INTO F21_S001_22_DEPENDENT
(PATIENT_ID, NAME, DOB, GENDER, RELATIONSHIP)
VALUES('pat5011', 'Rock', TIMESTAMP '2006-05-30 00:00:00.000000', 'F', 'son');
INSERT INTO F21_S001_22_DEPENDENT
(PATIENT_ID, NAME, DOB, GENDER, RELATIONSHIP)
VALUES('pat5012', 'Obadias', TIMESTAMP '2020-06-20 00:00:00.000000', 'M', 'daughter');
INSERT INTO F21_S001_22_DEPENDENT
(PATIENT_ID, NAME, DOB, GENDER, RELATIONSHIP)
VALUES('pat5013', 'Genevra', TIMESTAMP '2012-12-08 00:00:00.000000', 'F', 'son');
INSERT INTO F21_S001_22_DEPENDENT
(PATIENT_ID, NAME, DOB, GENDER, RELATIONSHIP)
VALUES('pat5014', 'Emmi', TIMESTAMP '2011-07-14 00:00:00.000000', 'F', 'daughter');
INSERT INTO F21_S001_22_DEPENDENT
(PATIENT_ID, NAME, DOB, GENDER, RELATIONSHIP)
VALUES('pat5015', 'Dulce', TIMESTAMP '2021-09-12 00:00:00.000000', 'F', 'daughter');
INSERT INTO F21_S001_22_DEPENDENT
(PATIENT_ID, NAME, DOB, GENDER, RELATIONSHIP)
VALUES('pat5016', 'Marty', TIMESTAMP '2019-07-26 00:00:00.000000', 'M', 'son');
INSERT INTO F21_S001_22_DEPENDENT
(PATIENT_ID, NAME, DOB, GENDER, RELATIONSHIP)
VALUES('pat5017', 'Wit', TIMESTAMP '2015-04-04 00:00:00.000000', 'F', 'daughter');
INSERT INTO F21_S001_22_DEPENDENT
(PATIENT_ID, NAME, DOB, GENDER, RELATIONSHIP)
VALUES('pat5018', 'Giana', TIMESTAMP '2018-11-17 00:00:00.000000', 'F', 'son');
INSERT INTO F21_S001_22_DEPENDENT
(PATIENT_ID, NAME, DOB, GENDER, RELATIONSHIP)
VALUES('pat5019', 'Sanson', TIMESTAMP '2016-09-26 00:00:00.000000', 'F', 'son');
INSERT INTO F21_S001_22_DEPENDENT
(PATIENT_ID, NAME, DOB, GENDER, RELATIONSHIP)
VALUES('pat5020', 'Nichole', TIMESTAMP '2002-03-07 00:00:00.000000', 'F', 'daughter');
INSERT INTO F21_S001_22_DEPENDENT
(PATIENT_ID, NAME, DOB, GENDER, RELATIONSHIP)
VALUES('pat5021', 'Vanna', TIMESTAMP '2001-08-15 00:00:00.000000', 'M', 'son');
INSERT INTO F21_S001_22_DEPENDENT
(PATIENT_ID, NAME, DOB, GENDER, RELATIONSHIP)
VALUES('pat5022', 'Chas', TIMESTAMP '2006-03-05 00:00:00.000000', 'M', 'son');
INSERT INTO F21_S001_22_DEPENDENT
(PATIENT_ID, NAME, DOB, GENDER, RELATIONSHIP)
VALUES('pat5023', 'Odo', TIMESTAMP '2010-10-15 00:00:00.000000', 'F', 'son');
INSERT INTO F21_S001_22_DEPENDENT
(PATIENT_ID, NAME, DOB, GENDER, RELATIONSHIP)
VALUES('pat5024', 'Blake', TIMESTAMP '2013-05-03 00:00:00.000000', 'F', 'daughter');
INSERT INTO F21_S001_22_DEPENDENT
(PATIENT_ID, NAME, DOB, GENDER, RELATIONSHIP)
VALUES('pat5025', 'Ashly', TIMESTAMP '2001-06-08 00:00:00.000000', 'M', 'daughter');
INSERT INTO F21_S001_22_DEPENDENT
(PATIENT_ID, NAME, DOB, GENDER, RELATIONSHIP)
VALUES('pat5026', 'Zaccaria', TIMESTAMP '2017-06-10 00:00:00.000000', 'M', 'daughter');
INSERT INTO F21_S001_22_DEPENDENT
(PATIENT_ID, NAME, DOB, GENDER, RELATIONSHIP)
VALUES('pat5027', 'Mia', TIMESTAMP '2020-11-21 00:00:00.000000', 'M', 'son');
INSERT INTO F21_S001_22_DEPENDENT
(PATIENT_ID, NAME, DOB, GENDER, RELATIONSHIP)
VALUES('pat5028', 'Tommy', TIMESTAMP '2009-02-06 00:00:00.000000', 'F', 'son');
INSERT INTO F21_S001_22_DEPENDENT
(PATIENT_ID, NAME, DOB, GENDER, RELATIONSHIP)
VALUES('pat5029', 'Maryl', TIMESTAMP '2019-04-24 00:00:00.000000', 'M', 'daughter');
INSERT INTO F21_S001_22_DEPENDENT
(PATIENT_ID, NAME, DOB, GENDER, RELATIONSHIP)
VALUES('pat5030', 'Elton', TIMESTAMP '2018-03-02 00:00:00.000000', 'F', 'daughter');
INSERT INTO F21_S001_22_DEPENDENT
(PATIENT_ID, NAME, DOB, GENDER, RELATIONSHIP)
VALUES('pat5031', 'Aggi', TIMESTAMP '2009-10-02 00:00:00.000000', 'F', 'son');
INSERT INTO F21_S001_22_DEPENDENT
(PATIENT_ID, NAME, DOB, GENDER, RELATIONSHIP)
VALUES('pat5032', 'Vonnie', TIMESTAMP '2001-09-01 00:00:00.000000', 'M', 'son');
INSERT INTO F21_S001_22_DEPENDENT
(PATIENT_ID, NAME, DOB, GENDER, RELATIONSHIP)
VALUES('pat5033', 'Cal', TIMESTAMP '2001-09-16 00:00:00.000000', 'M', 'son');
INSERT INTO F21_S001_22_DEPENDENT
(PATIENT_ID, NAME, DOB, GENDER, RELATIONSHIP)
VALUES('pat5034', 'Ronnica', TIMESTAMP '2019-11-18 00:00:00.000000', 'F', 'daughter');
INSERT INTO F21_S001_22_DEPENDENT
(PATIENT_ID, NAME, DOB, GENDER, RELATIONSHIP)
VALUES('pat5035', 'Konrad', TIMESTAMP '2003-04-20 00:00:00.000000', 'M', 'daughter');
INSERT INTO F21_S001_22_DEPENDENT
(PATIENT_ID, NAME, DOB, GENDER, RELATIONSHIP)
VALUES('pat5036', 'Cristin', TIMESTAMP '2001-04-20 00:00:00.000000', 'F', 'daughter');
INSERT INTO F21_S001_22_DEPENDENT
(PATIENT_ID, NAME, DOB, GENDER, RELATIONSHIP)
VALUES('pat5037', 'Kizzee', TIMESTAMP '2016-06-09 00:00:00.000000', 'M', 'son');
INSERT INTO F21_S001_22_DEPENDENT
(PATIENT_ID, NAME, DOB, GENDER, RELATIONSHIP)
VALUES('pat5038', 'Lorene', TIMESTAMP '2018-03-31 00:00:00.000000', 'M', 'son');
INSERT INTO F21_S001_22_DEPENDENT
(PATIENT_ID, NAME, DOB, GENDER, RELATIONSHIP)
VALUES('pat5039', 'Shea', TIMESTAMP '2011-12-27 00:00:00.000000', 'M', 'son');
INSERT INTO F21_S001_22_DEPENDENT
(PATIENT_ID, NAME, DOB, GENDER, RELATIONSHIP)
VALUES('pat5040', 'Inez', TIMESTAMP '2009-08-30 00:00:00.000000', 'M', 'daughter');
INSERT INTO F21_S001_22_DEPENDENT
(PATIENT_ID, NAME, DOB, GENDER, RELATIONSHIP)
VALUES('pat5041', 'Cornelle', TIMESTAMP '2001-09-26 00:00:00.000000', 'F', 'daughter');
INSERT INTO F21_S001_22_DEPENDENT
(PATIENT_ID, NAME, DOB, GENDER, RELATIONSHIP)
VALUES('pat5042', 'Guthrey', TIMESTAMP '2017-09-29 00:00:00.000000', 'M', 'daughter');
INSERT INTO F21_S001_22_DEPENDENT
(PATIENT_ID, NAME, DOB, GENDER, RELATIONSHIP)
VALUES('pat5043', 'Tiler', TIMESTAMP '2001-11-14 00:00:00.000000', 'F', 'son');
INSERT INTO F21_S001_22_DEPENDENT
(PATIENT_ID, NAME, DOB, GENDER, RELATIONSHIP)
VALUES('pat5044', 'Tan', TIMESTAMP '2020-08-05 00:00:00.000000', 'F', 'daughter');
INSERT INTO F21_S001_22_DEPENDENT
(PATIENT_ID, NAME, DOB, GENDER, RELATIONSHIP)
VALUES('pat5045', 'Kattie', TIMESTAMP '2017-06-13 00:00:00.000000', 'M', 'daughter');
INSERT INTO F21_S001_22_DEPENDENT
(PATIENT_ID, NAME, DOB, GENDER, RELATIONSHIP)
VALUES('pat5046', 'Mimi', TIMESTAMP '2015-05-19 00:00:00.000000', 'F', 'son');
INSERT INTO F21_S001_22_DEPENDENT
(PATIENT_ID, NAME, DOB, GENDER, RELATIONSHIP)
VALUES('pat5047', 'Pierce', TIMESTAMP '2005-06-21 00:00:00.000000', 'F', 'son');
INSERT INTO F21_S001_22_DEPENDENT
(PATIENT_ID, NAME, DOB, GENDER, RELATIONSHIP)
VALUES('pat5048', 'Shanan', TIMESTAMP '2014-06-02 00:00:00.000000', 'F', 'daughter');
INSERT INTO F21_S001_22_DEPENDENT
(PATIENT_ID, NAME, DOB, GENDER, RELATIONSHIP)
VALUES('pat5049', 'Tedda', TIMESTAMP '2011-05-22 00:00:00.000000', 'F', 'daughter');
INSERT INTO F21_S001_22_DEPENDENT
(PATIENT_ID, NAME, DOB, GENDER, RELATIONSHIP)
VALUES('pat5050', 'Augustus', TIMESTAMP '2012-01-10 00:00:00.000000', 'M', 'daughter');
INSERT INTO F21_S001_22_DEPENDENT
(PATIENT_ID, NAME, DOB, GENDER, RELATIONSHIP)
VALUES('pat5001', 'Janenna', TIMESTAMP '2013-01-13 00:00:00.000000', 'F', 'son');
INSERT INTO F21_S001_22_DEPENDENT
(PATIENT_ID, NAME, DOB, GENDER, RELATIONSHIP)
VALUES('pat5002', 'Bentley', TIMESTAMP '2005-01-26 00:00:00.000000', 'F', 'son');
INSERT INTO F21_S001_22_DEPENDENT
(PATIENT_ID, NAME, DOB, GENDER, RELATIONSHIP)
VALUES('pat5003', 'Carole', TIMESTAMP '2010-04-19 00:00:00.000000', 'M', 'daughter');
INSERT INTO F21_S001_22_DEPENDENT
(PATIENT_ID, NAME, DOB, GENDER, RELATIONSHIP)
VALUES('pat5004', 'Judah', TIMESTAMP '2001-11-06 00:00:00.000000', 'M', 'son');
INSERT INTO F21_S001_22_DEPENDENT
(PATIENT_ID, NAME, DOB, GENDER, RELATIONSHIP)
VALUES('pat5005', 'Lauraine', TIMESTAMP '2018-03-23 00:00:00.000000', 'F', 'son');
INSERT INTO F21_S001_22_DEPENDENT
(PATIENT_ID, NAME, DOB, GENDER, RELATIONSHIP)
VALUES('pat5006', 'Gavan', TIMESTAMP '2018-11-09 00:00:00.000000', 'M', 'daughter');
INSERT INTO F21_S001_22_DEPENDENT
(PATIENT_ID, NAME, DOB, GENDER, RELATIONSHIP)
VALUES('pat5007', 'Everett', TIMESTAMP '2021-06-02 00:00:00.000000', 'M', 'daughter');
INSERT INTO F21_S001_22_DEPENDENT
(PATIENT_ID, NAME, DOB, GENDER, RELATIONSHIP)
VALUES('pat5008', 'Marius', TIMESTAMP '2003-03-07 00:00:00.000000', 'M', 'son');
INSERT INTO F21_S001_22_DEPENDENT
(PATIENT_ID, NAME, DOB, GENDER, RELATIONSHIP)
VALUES('pat5009', 'Alyssa', TIMESTAMP '2004-12-15 00:00:00.000000', 'M', 'daughter');
INSERT INTO F21_S001_22_DEPENDENT
(PATIENT_ID, NAME, DOB, GENDER, RELATIONSHIP)
VALUES('pat5010', 'Stearn', TIMESTAMP '2001-03-05 00:00:00.000000', 'F', 'daughter');
INSERT INTO F21_S001_22_DEPENDENT
(PATIENT_ID, NAME, DOB, GENDER, RELATIONSHIP)
VALUES('pat5011', 'Elly', TIMESTAMP '2004-05-16 00:00:00.000000', 'F', 'son');
INSERT INTO F21_S001_22_DEPENDENT
(PATIENT_ID, NAME, DOB, GENDER, RELATIONSHIP)
VALUES('pat5012', 'Krystyna', TIMESTAMP '2018-02-04 00:00:00.000000', 'F', 'daughter');
INSERT INTO F21_S001_22_DEPENDENT
(PATIENT_ID, NAME, DOB, GENDER, RELATIONSHIP)
VALUES('pat5013', 'Othella', TIMESTAMP '2003-10-02 00:00:00.000000', 'F', 'son');
INSERT INTO F21_S001_22_DEPENDENT
(PATIENT_ID, NAME, DOB, GENDER, RELATIONSHIP)
VALUES('pat5014', 'Whit', TIMESTAMP '2017-05-27 00:00:00.000000', 'M', 'daughter');
INSERT INTO F21_S001_22_DEPENDENT
(PATIENT_ID, NAME, DOB, GENDER, RELATIONSHIP)
VALUES('pat5015', 'Jaimie', TIMESTAMP '2015-07-04 00:00:00.000000', 'M', 'daughter');
INSERT INTO F21_S001_22_DEPENDENT
(PATIENT_ID, NAME, DOB, GENDER, RELATIONSHIP)
VALUES('pat5016', 'Maible', TIMESTAMP '2014-12-03 00:00:00.000000', 'F', 'son');
INSERT INTO F21_S001_22_DEPENDENT
(PATIENT_ID, NAME, DOB, GENDER, RELATIONSHIP)
VALUES('pat5017', 'Holden', TIMESTAMP '2006-09-28 00:00:00.000000', 'M', 'daughter');
INSERT INTO F21_S001_22_DEPENDENT
(PATIENT_ID, NAME, DOB, GENDER, RELATIONSHIP)
VALUES('pat5018', 'Sharity', TIMESTAMP '2014-07-25 00:00:00.000000', 'F', 'son');
INSERT INTO F21_S001_22_DEPENDENT
(PATIENT_ID, NAME, DOB, GENDER, RELATIONSHIP)
VALUES('pat5019', 'Trenna', TIMESTAMP '2018-05-05 00:00:00.000000', 'M', 'son');
INSERT INTO F21_S001_22_DEPENDENT
(PATIENT_ID, NAME, DOB, GENDER, RELATIONSHIP)
VALUES('pat5020', 'Waylon', TIMESTAMP '2010-05-13 00:00:00.000000', 'M', 'daughter');
INSERT INTO F21_S001_22_DEPENDENT
(PATIENT_ID, NAME, DOB, GENDER, RELATIONSHIP)
VALUES('pat5021', 'Osbert', TIMESTAMP '2020-03-19 00:00:00.000000', 'F', 'daughter');
INSERT INTO F21_S001_22_DEPENDENT
(PATIENT_ID, NAME, DOB, GENDER, RELATIONSHIP)
VALUES('pat5022', 'Wilone', TIMESTAMP '2018-12-19 00:00:00.000000', 'M', 'son');
INSERT INTO F21_S001_22_DEPENDENT
(PATIENT_ID, NAME, DOB, GENDER, RELATIONSHIP)
VALUES('pat5023', 'Arney', TIMESTAMP '2005-10-01 00:00:00.000000', 'M', 'son');
INSERT INTO F21_S001_22_DEPENDENT
(PATIENT_ID, NAME, DOB, GENDER, RELATIONSHIP)
VALUES('pat5024', 'Iggie', TIMESTAMP '2007-09-20 00:00:00.000000', 'F', 'son');
INSERT INTO F21_S001_22_DEPENDENT
(PATIENT_ID, NAME, DOB, GENDER, RELATIONSHIP)
VALUES('pat5025', 'Clarence', TIMESTAMP '2015-07-23 00:00:00.000000', 'F', 'daughter');
INSERT INTO F21_S001_22_DEPENDENT
(PATIENT_ID, NAME, DOB, GENDER, RELATIONSHIP)
VALUES('pat5026', 'Daniela', TIMESTAMP '2016-09-25 00:00:00.000000', 'F', 'daughter');
INSERT INTO F21_S001_22_DEPENDENT
(PATIENT_ID, NAME, DOB, GENDER, RELATIONSHIP)
VALUES('pat5027', 'Priscilla', TIMESTAMP '2005-06-06 00:00:00.000000', 'M', 'son');
INSERT INTO F21_S001_22_DEPENDENT
(PATIENT_ID, NAME, DOB, GENDER, RELATIONSHIP)
VALUES('pat5028', 'Olivette', TIMESTAMP '2011-05-13 00:00:00.000000', 'M', 'son');
INSERT INTO F21_S001_22_DEPENDENT
(PATIENT_ID, NAME, DOB, GENDER, RELATIONSHIP)
VALUES('pat5029', 'Cherrita', TIMESTAMP '2003-06-12 00:00:00.000000', 'M', 'daughter');
INSERT INTO F21_S001_22_DEPENDENT
(PATIENT_ID, NAME, DOB, GENDER, RELATIONSHIP)
VALUES('pat5030', 'Shawn', TIMESTAMP '2019-06-15 00:00:00.000000', 'M', 'daughter');
INSERT INTO F21_S001_22_DEPENDENT
(PATIENT_ID, NAME, DOB, GENDER, RELATIONSHIP)
VALUES('pat5031', 'Bernard', TIMESTAMP '2012-01-17 00:00:00.000000', 'F', 'son');
INSERT INTO F21_S001_22_DEPENDENT
(PATIENT_ID, NAME, DOB, GENDER, RELATIONSHIP)
VALUES('pat5032', 'Roderigo', TIMESTAMP '2003-02-18 00:00:00.000000', 'F', 'son');
INSERT INTO F21_S001_22_DEPENDENT
(PATIENT_ID, NAME, DOB, GENDER, RELATIONSHIP)
VALUES('pat5033', 'Yalonda', TIMESTAMP '2003-05-30 00:00:00.000000', 'M', 'son');
INSERT INTO F21_S001_22_DEPENDENT
(PATIENT_ID, NAME, DOB, GENDER, RELATIONSHIP)
VALUES('pat5034', 'Gaye', TIMESTAMP '2017-01-17 00:00:00.000000', 'M', 'son');
INSERT INTO F21_S001_22_DEPENDENT
(PATIENT_ID, NAME, DOB, GENDER, RELATIONSHIP)
VALUES('pat5035', 'Frasco', TIMESTAMP '2005-10-04 00:00:00.000000', 'F', 'son');
INSERT INTO F21_S001_22_DEPENDENT
(PATIENT_ID, NAME, DOB, GENDER, RELATIONSHIP)
VALUES('pat5036', 'Rachelle', TIMESTAMP '2021-07-14 00:00:00.000000', 'F', 'daughter');
INSERT INTO F21_S001_22_DEPENDENT
(PATIENT_ID, NAME, DOB, GENDER, RELATIONSHIP)
VALUES('pat5037', 'Kesley', TIMESTAMP '2016-04-26 00:00:00.000000', 'M', 'daughter');
INSERT INTO F21_S001_22_DEPENDENT
(PATIENT_ID, NAME, DOB, GENDER, RELATIONSHIP)
VALUES('pat5038', 'Gav', TIMESTAMP '2015-11-13 00:00:00.000000', 'F', 'son');
INSERT INTO F21_S001_22_DEPENDENT
(PATIENT_ID, NAME, DOB, GENDER, RELATIONSHIP)
VALUES('pat5039', 'Aharon', TIMESTAMP '2015-11-26 00:00:00.000000', 'F', 'daughter');
INSERT INTO F21_S001_22_DEPENDENT
(PATIENT_ID, NAME, DOB, GENDER, RELATIONSHIP)
VALUES('pat5040', 'Reese', TIMESTAMP '2014-04-28 00:00:00.000000', 'F', 'daughter');
INSERT INTO F21_S001_22_DEPENDENT
(PATIENT_ID, NAME, DOB, GENDER, RELATIONSHIP)
VALUES('pat5041', 'Alfredo', TIMESTAMP '2006-08-13 00:00:00.000000', 'F', 'son');
INSERT INTO F21_S001_22_DEPENDENT
(PATIENT_ID, NAME, DOB, GENDER, RELATIONSHIP)
VALUES('pat5042', 'Ailsun', TIMESTAMP '2019-09-20 00:00:00.000000', 'M', 'daughter');
INSERT INTO F21_S001_22_DEPENDENT
(PATIENT_ID, NAME, DOB, GENDER, RELATIONSHIP)
VALUES('pat5043', 'Rachelle', TIMESTAMP '2015-02-09 00:00:00.000000', 'F', 'son');
INSERT INTO F21_S001_22_DEPENDENT
(PATIENT_ID, NAME, DOB, GENDER, RELATIONSHIP)
VALUES('pat5044', 'Brigit', TIMESTAMP '2002-04-20 00:00:00.000000', 'M', 'son');
INSERT INTO F21_S001_22_DEPENDENT
(PATIENT_ID, NAME, DOB, GENDER, RELATIONSHIP)
VALUES('pat5045', 'Shane', TIMESTAMP '2009-06-21 00:00:00.000000', 'F', 'son');
INSERT INTO F21_S001_22_DEPENDENT
(PATIENT_ID, NAME, DOB, GENDER, RELATIONSHIP)
VALUES('pat5046', 'Meyer', TIMESTAMP '2010-06-20 00:00:00.000000', 'F', 'daughter');
INSERT INTO F21_S001_22_DEPENDENT
(PATIENT_ID, NAME, DOB, GENDER, RELATIONSHIP)
VALUES('pat5047', 'Palm', TIMESTAMP '2006-04-29 00:00:00.000000', 'M', 'daughter');
INSERT INTO F21_S001_22_DEPENDENT
(PATIENT_ID, NAME, DOB, GENDER, RELATIONSHIP)
VALUES('pat5048', 'Corena', TIMESTAMP '2015-01-16 00:00:00.000000', 'F', 'son');
INSERT INTO F21_S001_22_DEPENDENT
(PATIENT_ID, NAME, DOB, GENDER, RELATIONSHIP)
VALUES('pat5049', 'Vanya', TIMESTAMP '2020-11-04 00:00:00.000000', 'M', 'daughter');
INSERT INTO F21_S001_22_DEPENDENT
(PATIENT_ID, NAME, DOB, GENDER, RELATIONSHIP)
VALUES('pat5050', 'Wallache', TIMESTAMP '2008-01-20 00:00:00.000000', 'F', 'daughter');

-- ---------------------------------------------------------------------------------------------
-- Query to insert data to table F21_S001_22_insurance
-- ---------------------------------------------------------------------------------------------

INSERT INTO F21_S001_22_INSURANCE
(INS_ID, NAME, INS_TYPE, COVERAGE, DURATION, PLAN)
VALUES('ins101', 'BCBS', 'dental', 70, 12, 'hmo');
INSERT INTO F21_S001_22_INSURANCE
(INS_ID, NAME, INS_TYPE, COVERAGE, DURATION, PLAN)
VALUES('ins102', 'StateFarm', 'dental', 60, 6, 'ppo');
INSERT INTO F21_S001_22_INSURANCE
(INS_ID, NAME, INS_TYPE, COVERAGE, DURATION, PLAN)
VALUES('ins103', 'Berkshire', 'dental', 75, 12, 'indeminity');
INSERT INTO F21_S001_22_INSURANCE
(INS_ID, NAME, INS_TYPE, COVERAGE, DURATION, PLAN)
VALUES('ins104', 'ProgressiveInsurance', 'comprehensive', 72, 36, 'hmo');
INSERT INTO F21_S001_22_INSURANCE
(INS_ID, NAME, INS_TYPE, COVERAGE, DURATION, PLAN)
VALUES('ins105', 'AllState', 'dental', 83, 36, 'ppo');
INSERT INTO F21_S001_22_INSURANCE
(INS_ID, NAME, INS_TYPE, COVERAGE, DURATION, PLAN)
VALUES('ins106', 'LibertyInsurance', 'comprehensive', 75, 24, 'ppo');
INSERT INTO F21_S001_22_INSURANCE
(INS_ID, NAME, INS_TYPE, COVERAGE, DURATION, PLAN)
VALUES('ins107', 'AIG', 'dental', 80, 18, 'medicare');
INSERT INTO F21_S001_22_INSURANCE
(INS_ID, NAME, INS_TYPE, COVERAGE, DURATION, PLAN)
VALUES('ins108', 'Allianze', 'dental', 60, 36, 'medicare');
INSERT INTO F21_S001_22_INSURANCE
(INS_ID, NAME, INS_TYPE, COVERAGE, DURATION, PLAN)
VALUES('ins109', 'Metlife', 'comprehensive', 85, 24, 'medicare');
INSERT INTO F21_S001_22_INSURANCE
(INS_ID, NAME, INS_TYPE, COVERAGE, DURATION, PLAN)
VALUES('ins110', 'OldRepublic', 'dental', 80, 6, 'indeminity');
INSERT INTO F21_S001_22_INSURANCE
(INS_ID, NAME, INS_TYPE, COVERAGE, DURATION, PLAN)
VALUES('ins111', 'SouthernFarm', 'comprehensive', 78, 6, 'hmo');
INSERT INTO F21_S001_22_INSURANCE
(INS_ID, NAME, INS_TYPE, COVERAGE, DURATION, PLAN)
VALUES('ins112', 'Assurant', 'dental', 68, 6, 'ppo');

-- ---------------------------------------------------------------------------------------------
-- Query to insert data to table F21_S001_22_patient_insurance
-- ---------------------------------------------------------------------------------------------

INSERT INTO F21_S001_22_PATIENT_INSURANCE
(INS_ID, PATIENT_ID, PREMIUM)
VALUES('ins102', 'pat5001', 2312.03);
INSERT INTO F21_S001_22_PATIENT_INSURANCE
(INS_ID, PATIENT_ID, PREMIUM)
VALUES('ins107', 'pat5002', 2247.71);
INSERT INTO F21_S001_22_PATIENT_INSURANCE
(INS_ID, PATIENT_ID, PREMIUM)
VALUES('ins103', 'pat5003', 2310.65);
INSERT INTO F21_S001_22_PATIENT_INSURANCE
(INS_ID, PATIENT_ID, PREMIUM)
VALUES('ins110', 'pat5004', 2114.9);
INSERT INTO F21_S001_22_PATIENT_INSURANCE
(INS_ID, PATIENT_ID, PREMIUM)
VALUES('ins103', 'pat5005', 2198.99);
INSERT INTO F21_S001_22_PATIENT_INSURANCE
(INS_ID, PATIENT_ID, PREMIUM)
VALUES('ins105', 'pat5006', 1929.04);
INSERT INTO F21_S001_22_PATIENT_INSURANCE
(INS_ID, PATIENT_ID, PREMIUM)
VALUES('ins104', 'pat5007', 2161.05);
INSERT INTO F21_S001_22_PATIENT_INSURANCE
(INS_ID, PATIENT_ID, PREMIUM)
VALUES('ins104', 'pat5008', 2367.55);
INSERT INTO F21_S001_22_PATIENT_INSURANCE
(INS_ID, PATIENT_ID, PREMIUM)
VALUES('ins112', 'pat5009', 2098.08);
INSERT INTO F21_S001_22_PATIENT_INSURANCE
(INS_ID, PATIENT_ID, PREMIUM)
VALUES('ins103', 'pat5010', 2176.79);
INSERT INTO F21_S001_22_PATIENT_INSURANCE
(INS_ID, PATIENT_ID, PREMIUM)
VALUES('ins109', 'pat5011', 2129.96);
INSERT INTO F21_S001_22_PATIENT_INSURANCE
(INS_ID, PATIENT_ID, PREMIUM)
VALUES('ins109', 'pat5012', 2288.65);
INSERT INTO F21_S001_22_PATIENT_INSURANCE
(INS_ID, PATIENT_ID, PREMIUM)
VALUES('ins110', 'pat5013', 2335.74);
INSERT INTO F21_S001_22_PATIENT_INSURANCE
(INS_ID, PATIENT_ID, PREMIUM)
VALUES('ins108', 'pat5014', 2273.09);
INSERT INTO F21_S001_22_PATIENT_INSURANCE
(INS_ID, PATIENT_ID, PREMIUM)
VALUES('ins112', 'pat5015', 2278.21);
INSERT INTO F21_S001_22_PATIENT_INSURANCE
(INS_ID, PATIENT_ID, PREMIUM)
VALUES('ins107', 'pat5016', 2309.75);
INSERT INTO F21_S001_22_PATIENT_INSURANCE
(INS_ID, PATIENT_ID, PREMIUM)
VALUES('ins101', 'pat5017', 2182.28);
INSERT INTO F21_S001_22_PATIENT_INSURANCE
(INS_ID, PATIENT_ID, PREMIUM)
VALUES('ins110', 'pat5018', 1898.12);
INSERT INTO F21_S001_22_PATIENT_INSURANCE
(INS_ID, PATIENT_ID, PREMIUM)
VALUES('ins112', 'pat5019', 2018.52);
INSERT INTO F21_S001_22_PATIENT_INSURANCE
(INS_ID, PATIENT_ID, PREMIUM)
VALUES('ins108', 'pat5020', 2312.95);
INSERT INTO F21_S001_22_PATIENT_INSURANCE
(INS_ID, PATIENT_ID, PREMIUM)
VALUES('ins107', 'pat5021', 2253);
INSERT INTO F21_S001_22_PATIENT_INSURANCE
(INS_ID, PATIENT_ID, PREMIUM)
VALUES('ins111', 'pat5022', 2102.78);
INSERT INTO F21_S001_22_PATIENT_INSURANCE
(INS_ID, PATIENT_ID, PREMIUM)
VALUES('ins105', 'pat5023', 2146.53);
INSERT INTO F21_S001_22_PATIENT_INSURANCE
(INS_ID, PATIENT_ID, PREMIUM)
VALUES('ins103', 'pat5024', 2218.54);
INSERT INTO F21_S001_22_PATIENT_INSURANCE
(INS_ID, PATIENT_ID, PREMIUM)
VALUES('ins106', 'pat5025', 2305.06);
INSERT INTO F21_S001_22_PATIENT_INSURANCE
(INS_ID, PATIENT_ID, PREMIUM)
VALUES('ins109', 'pat5026', 2058.41);
INSERT INTO F21_S001_22_PATIENT_INSURANCE
(INS_ID, PATIENT_ID, PREMIUM)
VALUES('ins102', 'pat5027', 2143.05);
INSERT INTO F21_S001_22_PATIENT_INSURANCE
(INS_ID, PATIENT_ID, PREMIUM)
VALUES('ins106', 'pat5028', 2252.85);
INSERT INTO F21_S001_22_PATIENT_INSURANCE
(INS_ID, PATIENT_ID, PREMIUM)
VALUES('ins109', 'pat5029', 2131.22);
INSERT INTO F21_S001_22_PATIENT_INSURANCE
(INS_ID, PATIENT_ID, PREMIUM)
VALUES('ins111', 'pat5030', 2388.83);
INSERT INTO F21_S001_22_PATIENT_INSURANCE
(INS_ID, PATIENT_ID, PREMIUM)
VALUES('ins103', 'pat5031', 2049.74);
INSERT INTO F21_S001_22_PATIENT_INSURANCE
(INS_ID, PATIENT_ID, PREMIUM)
VALUES('ins102', 'pat5032', 2424.67);
INSERT INTO F21_S001_22_PATIENT_INSURANCE
(INS_ID, PATIENT_ID, PREMIUM)
VALUES('ins101', 'pat5033', 1978.64);
INSERT INTO F21_S001_22_PATIENT_INSURANCE
(INS_ID, PATIENT_ID, PREMIUM)
VALUES('ins112', 'pat5034', 2193.64);
INSERT INTO F21_S001_22_PATIENT_INSURANCE
(INS_ID, PATIENT_ID, PREMIUM)
VALUES('ins107', 'pat5035', 1819.87);
INSERT INTO F21_S001_22_PATIENT_INSURANCE
(INS_ID, PATIENT_ID, PREMIUM)
VALUES('ins101', 'pat5036', 1982.04);
INSERT INTO F21_S001_22_PATIENT_INSURANCE
(INS_ID, PATIENT_ID, PREMIUM)
VALUES('ins103', 'pat5037', 2038.42);
INSERT INTO F21_S001_22_PATIENT_INSURANCE
(INS_ID, PATIENT_ID, PREMIUM)
VALUES('ins104', 'pat5038', 2401.02);
INSERT INTO F21_S001_22_PATIENT_INSURANCE
(INS_ID, PATIENT_ID, PREMIUM)
VALUES('ins102', 'pat5039', 2153.7);
INSERT INTO F21_S001_22_PATIENT_INSURANCE
(INS_ID, PATIENT_ID, PREMIUM)
VALUES('ins107', 'pat5040', 2321.27);
INSERT INTO F21_S001_22_PATIENT_INSURANCE
(INS_ID, PATIENT_ID, PREMIUM)
VALUES('ins111', 'pat5041', 1874.01);
INSERT INTO F21_S001_22_PATIENT_INSURANCE
(INS_ID, PATIENT_ID, PREMIUM)
VALUES('ins104', 'pat5042', 1863.35);
INSERT INTO F21_S001_22_PATIENT_INSURANCE
(INS_ID, PATIENT_ID, PREMIUM)
VALUES('ins101', 'pat5043', 1818.08);
INSERT INTO F21_S001_22_PATIENT_INSURANCE
(INS_ID, PATIENT_ID, PREMIUM)
VALUES('ins101', 'pat5044', 2028.71);
INSERT INTO F21_S001_22_PATIENT_INSURANCE
(INS_ID, PATIENT_ID, PREMIUM)
VALUES('ins104', 'pat5045', 2195.65);
INSERT INTO F21_S001_22_PATIENT_INSURANCE
(INS_ID, PATIENT_ID, PREMIUM)
VALUES('ins112', 'pat5046', 2304.76);
INSERT INTO F21_S001_22_PATIENT_INSURANCE
(INS_ID, PATIENT_ID, PREMIUM)
VALUES('ins108', 'pat5047', 2361.46);
INSERT INTO F21_S001_22_PATIENT_INSURANCE
(INS_ID, PATIENT_ID, PREMIUM)
VALUES('ins107', 'pat5048', 2148.54);
INSERT INTO F21_S001_22_PATIENT_INSURANCE
(INS_ID, PATIENT_ID, PREMIUM)
VALUES('ins104', 'pat5049', 2163.34);
INSERT INTO F21_S001_22_PATIENT_INSURANCE
(INS_ID, PATIENT_ID, PREMIUM)
VALUES('ins108', 'pat5050', 2412.1);

-- ---------------------------------------------------------------------------------------------
-- Query to insert data to table F21_S001_22_employee
-- ---------------------------------------------------------------------------------------------

INSERT INTO F21_S001_22_EMPLOYEE
(EMP_ID, FNAME, LNAME, JOB_ROLE, SALARY, HOURS_PER_WEEK, SSN, PRACTICE_ID)
VALUES('emp1001', 'Olenka', 'Albutt', 'dentist', 77411.03, 22, '758-05-7916', 'p701');
INSERT INTO F21_S001_22_EMPLOYEE
(EMP_ID, FNAME, LNAME, JOB_ROLE, SALARY, HOURS_PER_WEEK, SSN, PRACTICE_ID)
VALUES('emp1002', 'Burgess', 'Butteris', 'staff', 64345.58, 16, '406-81-2408', 'p701');
INSERT INTO F21_S001_22_EMPLOYEE
(EMP_ID, FNAME, LNAME, JOB_ROLE, SALARY, HOURS_PER_WEEK, SSN, PRACTICE_ID)
VALUES('emp1003', 'Robinetta', 'Leban', 'hygienist', 51342.27, 42, '277-61-6068', 'p701');
INSERT INTO F21_S001_22_EMPLOYEE
(EMP_ID, FNAME, LNAME, JOB_ROLE, SALARY, HOURS_PER_WEEK, SSN, PRACTICE_ID)
VALUES('emp1004', 'Jaime', 'Haddon', 'staff', 79439.46, 11, '425-75-0246', 'p701');
INSERT INTO F21_S001_22_EMPLOYEE
(EMP_ID, FNAME, LNAME, JOB_ROLE, SALARY, HOURS_PER_WEEK, SSN, PRACTICE_ID)
VALUES('emp1005', 'Rasia', 'Bulward', 'dentist', 79500.77, 29, '137-38-5934', 'p701');
INSERT INTO F21_S001_22_EMPLOYEE
(EMP_ID, FNAME, LNAME, JOB_ROLE, SALARY, HOURS_PER_WEEK, SSN, PRACTICE_ID)
VALUES('emp1006', 'Honor', 'Gornal', 'dentist', 53946.17, 32, '163-99-4707', 'p702');
INSERT INTO F21_S001_22_EMPLOYEE
(EMP_ID, FNAME, LNAME, JOB_ROLE, SALARY, HOURS_PER_WEEK, SSN, PRACTICE_ID)
VALUES('emp1007', 'Dionne', 'Woolsey', 'staff', 59265.39, 43, '634-55-8972', 'p702');
INSERT INTO F21_S001_22_EMPLOYEE
(EMP_ID, FNAME, LNAME, JOB_ROLE, SALARY, HOURS_PER_WEEK, SSN, PRACTICE_ID)
VALUES('emp1008', 'Dodi', 'Jackman', 'hygienist', 67459.78, 24, '152-36-5862', 'p702');
INSERT INTO F21_S001_22_EMPLOYEE
(EMP_ID, FNAME, LNAME, JOB_ROLE, SALARY, HOURS_PER_WEEK, SSN, PRACTICE_ID)
VALUES('emp1009', 'Malchy', 'Dufoure', 'staff', 48875.55, 17, '738-68-6759', 'p702');
INSERT INTO F21_S001_22_EMPLOYEE
(EMP_ID, FNAME, LNAME, JOB_ROLE, SALARY, HOURS_PER_WEEK, SSN, PRACTICE_ID)
VALUES('emp1010', 'Lotte', 'Indruch', 'dentist', 76221.15, 26, '319-40-2144', 'p702');
INSERT INTO F21_S001_22_EMPLOYEE
(EMP_ID, FNAME, LNAME, JOB_ROLE, SALARY, HOURS_PER_WEEK, SSN, PRACTICE_ID)
VALUES('emp1011', 'Kiley', 'Assaf', 'dentist', 81991.48, 34, '545-89-5113', 'p703');
INSERT INTO F21_S001_22_EMPLOYEE
(EMP_ID, FNAME, LNAME, JOB_ROLE, SALARY, HOURS_PER_WEEK, SSN, PRACTICE_ID)
VALUES('emp1012', 'Charita', 'Winckles', 'staff', 59862.14, 42, '368-40-7126', 'p703');
INSERT INTO F21_S001_22_EMPLOYEE
(EMP_ID, FNAME, LNAME, JOB_ROLE, SALARY, HOURS_PER_WEEK, SSN, PRACTICE_ID)
VALUES('emp1013', 'Laurianne', 'Jerram', 'hygienist', 84975.93, 20, '859-39-4726', 'p703');
INSERT INTO F21_S001_22_EMPLOYEE
(EMP_ID, FNAME, LNAME, JOB_ROLE, SALARY, HOURS_PER_WEEK, SSN, PRACTICE_ID)
VALUES('emp1014', 'Shea', 'Leftbridge', 'staff', 50803.72, 24, '147-43-4968', 'p703');
INSERT INTO F21_S001_22_EMPLOYEE
(EMP_ID, FNAME, LNAME, JOB_ROLE, SALARY, HOURS_PER_WEEK, SSN, PRACTICE_ID)
VALUES('emp1015', 'Dannie', 'Nusche', 'dentist', 56552.43, 46, '587-92-0077', 'p703');
INSERT INTO F21_S001_22_EMPLOYEE
(EMP_ID, FNAME, LNAME, JOB_ROLE, SALARY, HOURS_PER_WEEK, SSN, PRACTICE_ID)
VALUES('emp1016', 'Corine', 'Davidovici', 'dentist', 84266.34, 20, '264-49-9409', 'p704');
INSERT INTO F21_S001_22_EMPLOYEE
(EMP_ID, FNAME, LNAME, JOB_ROLE, SALARY, HOURS_PER_WEEK, SSN, PRACTICE_ID)
VALUES('emp1017', 'Hilton', 'Blunt', 'staff', 81182.92, 48, '894-45-9211', 'p704');
INSERT INTO F21_S001_22_EMPLOYEE
(EMP_ID, FNAME, LNAME, JOB_ROLE, SALARY, HOURS_PER_WEEK, SSN, PRACTICE_ID)
VALUES('emp1018', 'Bone', 'Veighey', 'hygienist', 79772.4, 20, '718-65-1519', 'p704');
INSERT INTO F21_S001_22_EMPLOYEE
(EMP_ID, FNAME, LNAME, JOB_ROLE, SALARY, HOURS_PER_WEEK, SSN, PRACTICE_ID)
VALUES('emp1019', 'Hewie', 'Rawlyns', 'staff', 67893.2, 18, '712-75-0080', 'p704');
INSERT INTO F21_S001_22_EMPLOYEE
(EMP_ID, FNAME, LNAME, JOB_ROLE, SALARY, HOURS_PER_WEEK, SSN, PRACTICE_ID)
VALUES('emp1020', 'Kata', 'Swepson', 'dentist', 57645.85, 30, '526-91-2514', 'p704');
INSERT INTO F21_S001_22_EMPLOYEE
(EMP_ID, FNAME, LNAME, JOB_ROLE, SALARY, HOURS_PER_WEEK, SSN, PRACTICE_ID)
VALUES('emp1021', 'Rainer', 'Klementz', 'dentist', 65483.05, 22, '248-42-4531', 'p705');
INSERT INTO F21_S001_22_EMPLOYEE
(EMP_ID, FNAME, LNAME, JOB_ROLE, SALARY, HOURS_PER_WEEK, SSN, PRACTICE_ID)
VALUES('emp1022', 'Aida', 'Bolzmann', 'staff', 53482.54, 20, '886-15-6465', 'p705');
INSERT INTO F21_S001_22_EMPLOYEE
(EMP_ID, FNAME, LNAME, JOB_ROLE, SALARY, HOURS_PER_WEEK, SSN, PRACTICE_ID)
VALUES('emp1023', 'Base', 'Blindt', 'hygienist', 61671.82, 30, '777-91-1413', 'p705');
INSERT INTO F21_S001_22_EMPLOYEE
(EMP_ID, FNAME, LNAME, JOB_ROLE, SALARY, HOURS_PER_WEEK, SSN, PRACTICE_ID)
VALUES('emp1024', 'Leonhard', 'Micallef', 'staff', 57223.79, 14, '490-33-8424', 'p705');
INSERT INTO F21_S001_22_EMPLOYEE
(EMP_ID, FNAME, LNAME, JOB_ROLE, SALARY, HOURS_PER_WEEK, SSN, PRACTICE_ID)
VALUES('emp1025', 'Henriette', 'Jindrak', 'dentist', 63958.05, 28, '884-18-0315', 'p705');
INSERT INTO F21_S001_22_EMPLOYEE
(EMP_ID, FNAME, LNAME, JOB_ROLE, SALARY, HOURS_PER_WEEK, SSN, PRACTICE_ID)
VALUES('emp1026', 'Whitney', 'Holwell', 'dentist', 53627.04, 37, '803-77-8112', 'p706');
INSERT INTO F21_S001_22_EMPLOYEE
(EMP_ID, FNAME, LNAME, JOB_ROLE, SALARY, HOURS_PER_WEEK, SSN, PRACTICE_ID)
VALUES('emp1027', 'Storm', 'Hedylstone', 'staff', 80036.44, 19, '115-02-2634', 'p706');
INSERT INTO F21_S001_22_EMPLOYEE
(EMP_ID, FNAME, LNAME, JOB_ROLE, SALARY, HOURS_PER_WEEK, SSN, PRACTICE_ID)
VALUES('emp1028', 'Isabella', 'McLaine', 'hygienist', 86621.03, 27, '601-53-3544', 'p706');
INSERT INTO F21_S001_22_EMPLOYEE
(EMP_ID, FNAME, LNAME, JOB_ROLE, SALARY, HOURS_PER_WEEK, SSN, PRACTICE_ID)
VALUES('emp1029', 'Ofelia', 'Churly', 'staff', 74306.31, 13, '819-95-0185', 'p706');
INSERT INTO F21_S001_22_EMPLOYEE
(EMP_ID, FNAME, LNAME, JOB_ROLE, SALARY, HOURS_PER_WEEK, SSN, PRACTICE_ID)
VALUES('emp1030', 'Una', 'Jiran', 'dentist', 69064.62, 41, '851-90-4030', 'p706');
INSERT INTO F21_S001_22_EMPLOYEE
(EMP_ID, FNAME, LNAME, JOB_ROLE, SALARY, HOURS_PER_WEEK, SSN, PRACTICE_ID)
VALUES('emp1031', 'Lotte', 'Caccavella', 'dentist', 65292.42, 33, '164-56-4214', 'p707');
INSERT INTO F21_S001_22_EMPLOYEE
(EMP_ID, FNAME, LNAME, JOB_ROLE, SALARY, HOURS_PER_WEEK, SSN, PRACTICE_ID)
VALUES('emp1032', 'Kit', 'Irons', 'staff', 80406.04, 11, '707-45-0657', 'p707');
INSERT INTO F21_S001_22_EMPLOYEE
(EMP_ID, FNAME, LNAME, JOB_ROLE, SALARY, HOURS_PER_WEEK, SSN, PRACTICE_ID)
VALUES('emp1033', 'Alanah', 'Darby', 'hygienist', 48678.94, 15, '899-70-0965', 'p707');
INSERT INTO F21_S001_22_EMPLOYEE
(EMP_ID, FNAME, LNAME, JOB_ROLE, SALARY, HOURS_PER_WEEK, SSN, PRACTICE_ID)
VALUES('emp1034', 'Perri', 'Cornhill', 'staff', 56776.16, 34, '886-96-5550', 'p707');
INSERT INTO F21_S001_22_EMPLOYEE
(EMP_ID, FNAME, LNAME, JOB_ROLE, SALARY, HOURS_PER_WEEK, SSN, PRACTICE_ID)
VALUES('emp1035', 'Alexi', 'Golson', 'dentist', 79630.98, 42, '568-16-2994', 'p707');
INSERT INTO F21_S001_22_EMPLOYEE
(EMP_ID, FNAME, LNAME, JOB_ROLE, SALARY, HOURS_PER_WEEK, SSN, PRACTICE_ID)
VALUES('emp1036', 'Ross', 'Den', 'technician', 45530.81, 12, '345-67-5467', 'p701');
INSERT INTO F21_S001_22_EMPLOYEE
(EMP_ID, FNAME, LNAME, JOB_ROLE, SALARY, HOURS_PER_WEEK, SSN, PRACTICE_ID)
VALUES('emp1037', 'Mark Est', 'John', 'technician', 38730.98, 14, '675-65-6865', 'p702');
INSERT INTO F21_S001_22_EMPLOYEE
(EMP_ID, FNAME, LNAME, JOB_ROLE, SALARY, HOURS_PER_WEEK, SSN, PRACTICE_ID)
VALUES('emp1038', 'Hygen', 'Jermy', 'technician', 45789.23, 24, '785-34-2432', 'p703');
INSERT INTO F21_S001_22_EMPLOYEE
(EMP_ID, FNAME, LNAME, JOB_ROLE, SALARY, HOURS_PER_WEEK, SSN, PRACTICE_ID)
VALUES('emp1039', 'Norgein', 'Holist', 'technician', 67893.45, 21, '678-23-6786', 'p704');
INSERT INTO F21_S001_22_EMPLOYEE
(EMP_ID, FNAME, LNAME, JOB_ROLE, SALARY, HOURS_PER_WEEK, SSN, PRACTICE_ID)
VALUES('emp1040', 'Masteral', 'Estmer', 'technician', 59630.67, 28, '904-87-3543', 'p705');
INSERT INTO F21_S001_22_EMPLOYEE
(EMP_ID, FNAME, LNAME, JOB_ROLE, SALARY, HOURS_PER_WEEK, SSN, PRACTICE_ID)
VALUES('emp1041', 'Pister', 'Golson', 'technician', 77310.78, 38, '345-76-7684', 'p706');
INSERT INTO F21_S001_22_EMPLOYEE
(EMP_ID, FNAME, LNAME, JOB_ROLE, SALARY, HOURS_PER_WEEK, SSN, PRACTICE_ID)
VALUES('emp1042', 'Kolsher', 'Lisndsey', 'technician', 48920.78, 32, '675-45-2342', 'p707');

-- ---------------------------------------------------------------------------------------------
-- Query to insert data to table F21_S001_22_dentist
-- ---------------------------------------------------------------------------------------------

INSERT INTO F21_S001_22_DENTIST
(EMP_ID, SPECIALIZATION)
VALUES('emp1001', 'prosthodontist');
INSERT INTO F21_S001_22_DENTIST
(EMP_ID, SPECIALIZATION)
VALUES('emp1005', 'orthodontist');
INSERT INTO F21_S001_22_DENTIST
(EMP_ID, SPECIALIZATION)
VALUES('emp1006', 'periodontist');
INSERT INTO F21_S001_22_DENTIST
(EMP_ID, SPECIALIZATION)
VALUES('emp1010', 'pedodontist');
INSERT INTO F21_S001_22_DENTIST
(EMP_ID, SPECIALIZATION)
VALUES('emp1011', 'orthodontist');
INSERT INTO F21_S001_22_DENTIST
(EMP_ID, SPECIALIZATION)
VALUES('emp1015', 'prosthodontist');
INSERT INTO F21_S001_22_DENTIST
(EMP_ID, SPECIALIZATION)
VALUES('emp1016', 'endodontist');
INSERT INTO F21_S001_22_DENTIST
(EMP_ID, SPECIALIZATION)
VALUES('emp1020', 'periodontist');
INSERT INTO F21_S001_22_DENTIST
(EMP_ID, SPECIALIZATION)
VALUES('emp1021', 'pedodontist');
INSERT INTO F21_S001_22_DENTIST
(EMP_ID, SPECIALIZATION)
VALUES('emp1025', 'orthodontist');
INSERT INTO F21_S001_22_DENTIST
(EMP_ID, SPECIALIZATION)
VALUES('emp1026', 'prosthodontist');
INSERT INTO F21_S001_22_DENTIST
(EMP_ID, SPECIALIZATION)
VALUES('emp1030', 'periodontist');
INSERT INTO F21_S001_22_DENTIST
(EMP_ID, SPECIALIZATION)
VALUES('emp1031', 'endodontist');
INSERT INTO F21_S001_22_DENTIST
(EMP_ID, SPECIALIZATION)
VALUES('emp1035', 'periodontist');

-- ---------------------------------------------------------------------------------------------
-- Query to insert data to table F21_S001_22_employee_address
-- ---------------------------------------------------------------------------------------------

INSERT INTO F21_S001_22_EMPLOYEE_ADDRESS
(EMP_ID, ADD_TYPE, STREET, CITY, ZIP)
VALUES('emp1001', 'home', 'Walton', 'Tanakbeak Daye', 76111);
INSERT INTO F21_S001_22_EMPLOYEE_ADDRESS
(EMP_ID, ADD_TYPE, STREET, CITY, ZIP)
VALUES('emp1002', 'office', 'Loomis', 'Velikiy Ustyug', 76112);
INSERT INTO F21_S001_22_EMPLOYEE_ADDRESS
(EMP_ID, ADD_TYPE, STREET, CITY, ZIP)
VALUES('emp1003', 'home', 'Manley', 'Faro', 76046);
INSERT INTO F21_S001_22_EMPLOYEE_ADDRESS
(EMP_ID, ADD_TYPE, STREET, CITY, ZIP)
VALUES('emp1004', 'office', 'Mayer', 'Itzig', 76025);
INSERT INTO F21_S001_22_EMPLOYEE_ADDRESS
(EMP_ID, ADD_TYPE, STREET, CITY, ZIP)
VALUES('emp1005', 'home', 'Loftsgordon', 'Charlott', 76065);
INSERT INTO F21_S001_22_EMPLOYEE_ADDRESS
(EMP_ID, ADD_TYPE, STREET, CITY, ZIP)
VALUES('emp1006', 'office', 'Cody', 'Muarabuliti', 76024);
INSERT INTO F21_S001_22_EMPLOYEE_ADDRESS
(EMP_ID, ADD_TYPE, STREET, CITY, ZIP)
VALUES('emp1007', 'home', 'Florence', 'Knivsta', 76026);
INSERT INTO F21_S001_22_EMPLOYEE_ADDRESS
(EMP_ID, ADD_TYPE, STREET, CITY, ZIP)
VALUES('emp1008', 'home', 'Truax', 'Shangma', 76114);
INSERT INTO F21_S001_22_EMPLOYEE_ADDRESS
(EMP_ID, ADD_TYPE, STREET, CITY, ZIP)
VALUES('emp1009', 'home', 'Petterle', 'Jiuzhen', 76113);
INSERT INTO F21_S001_22_EMPLOYEE_ADDRESS
(EMP_ID, ADD_TYPE, STREET, CITY, ZIP)
VALUES('emp1010', 'home', 'Roxbury', 'Shilva', 76127);
INSERT INTO F21_S001_22_EMPLOYEE_ADDRESS
(EMP_ID, ADD_TYPE, STREET, CITY, ZIP)
VALUES('emp1011', 'office', 'Texas', 'Xianghua', 76041);
INSERT INTO F21_S001_22_EMPLOYEE_ADDRESS
(EMP_ID, ADD_TYPE, STREET, CITY, ZIP)
VALUES('emp1012', 'office', 'Montana', 'Bogorame', 76116);
INSERT INTO F21_S001_22_EMPLOYEE_ADDRESS
(EMP_ID, ADD_TYPE, STREET, CITY, ZIP)
VALUES('emp1013', 'office', 'Parkside', 'Aozai', 76117);
INSERT INTO F21_S001_22_EMPLOYEE_ADDRESS
(EMP_ID, ADD_TYPE, STREET, CITY, ZIP)
VALUES('emp1014', 'office', 'Rigney', 'Mengxi', 76125);
INSERT INTO F21_S001_22_EMPLOYEE_ADDRESS
(EMP_ID, ADD_TYPE, STREET, CITY, ZIP)
VALUES('emp1015', 'office', 'Walton', 'Benoy', 76041);
INSERT INTO F21_S001_22_EMPLOYEE_ADDRESS
(EMP_ID, ADD_TYPE, STREET, CITY, ZIP)
VALUES('emp1016', 'home', 'Oneill', 'Oodweyne', 76116);
INSERT INTO F21_S001_22_EMPLOYEE_ADDRESS
(EMP_ID, ADD_TYPE, STREET, CITY, ZIP)
VALUES('emp1017', 'home', 'Paget', 'Chengdu', 76035);
INSERT INTO F21_S001_22_EMPLOYEE_ADDRESS
(EMP_ID, ADD_TYPE, STREET, CITY, ZIP)
VALUES('emp1018', 'home', 'Oak', 'San Fernad', 76104);
INSERT INTO F21_S001_22_EMPLOYEE_ADDRESS
(EMP_ID, ADD_TYPE, STREET, CITY, ZIP)
VALUES('emp1019', 'office', 'Farragut', 'Dongfu', 76010);
INSERT INTO F21_S001_22_EMPLOYEE_ADDRESS
(EMP_ID, ADD_TYPE, STREET, CITY, ZIP)
VALUES('emp1020', 'home', 'Crescent Oaks', 'Gueimaro', 76058);
INSERT INTO F21_S001_22_EMPLOYEE_ADDRESS
(EMP_ID, ADD_TYPE, STREET, CITY, ZIP)
VALUES('emp1021', 'home', 'Hanover', 'Quxi', 76034);
INSERT INTO F21_S001_22_EMPLOYEE_ADDRESS
(EMP_ID, ADD_TYPE, STREET, CITY, ZIP)
VALUES('emp1022', 'office', 'Wayridge', 'Macau', 76087);
INSERT INTO F21_S001_22_EMPLOYEE_ADDRESS
(EMP_ID, ADD_TYPE, STREET, CITY, ZIP)
VALUES('emp1023', 'home', 'Monterey', 'Wolomoni', 76080);
INSERT INTO F21_S001_22_EMPLOYEE_ADDRESS
(EMP_ID, ADD_TYPE, STREET, CITY, ZIP)
VALUES('emp1024', 'home', 'Graceland', 'Totolan', 76116);
INSERT INTO F21_S001_22_EMPLOYEE_ADDRESS
(EMP_ID, ADD_TYPE, STREET, CITY, ZIP)
VALUES('emp1025', 'home', 'New Castle', 'Sedandan', 76078);
INSERT INTO F21_S001_22_EMPLOYEE_ADDRESS
(EMP_ID, ADD_TYPE, STREET, CITY, ZIP)
VALUES('emp1026', 'home', 'International', 'Jixiang', 76011);
INSERT INTO F21_S001_22_EMPLOYEE_ADDRESS
(EMP_ID, ADD_TYPE, STREET, CITY, ZIP)
VALUES('emp1027', 'office', 'Washington', 'Segezha', 76108);
INSERT INTO F21_S001_22_EMPLOYEE_ADDRESS
(EMP_ID, ADD_TYPE, STREET, CITY, ZIP)
VALUES('emp1028', 'home', 'Straubel', 'Longxi', 76017);
INSERT INTO F21_S001_22_EMPLOYEE_ADDRESS
(EMP_ID, ADD_TYPE, STREET, CITY, ZIP)
VALUES('emp1029', 'home', 'Graedel', 'Kaminokawa', 76091);
INSERT INTO F21_S001_22_EMPLOYEE_ADDRESS
(EMP_ID, ADD_TYPE, STREET, CITY, ZIP)
VALUES('emp1030', 'office', 'Golden Leaf', 'Varberg', 76129);
INSERT INTO F21_S001_22_EMPLOYEE_ADDRESS
(EMP_ID, ADD_TYPE, STREET, CITY, ZIP)
VALUES('emp1031', 'home', 'Farwell', 'Agoo', 76040);
INSERT INTO F21_S001_22_EMPLOYEE_ADDRESS
(EMP_ID, ADD_TYPE, STREET, CITY, ZIP)
VALUES('emp1032', 'office', 'Londonderry', 'San Mata', 76097);
INSERT INTO F21_S001_22_EMPLOYEE_ADDRESS
(EMP_ID, ADD_TYPE, STREET, CITY, ZIP)
VALUES('emp1033', 'office', 'Summit', 'Haoguantun', 76114);
INSERT INTO F21_S001_22_EMPLOYEE_ADDRESS
(EMP_ID, ADD_TYPE, STREET, CITY, ZIP)
VALUES('emp1034', 'office', 'Colorado', 'Atap', 76077);
INSERT INTO F21_S001_22_EMPLOYEE_ADDRESS
(EMP_ID, ADD_TYPE, STREET, CITY, ZIP)
VALUES('emp1035', 'office', 'Amoth', 'Sugihwaras', 76099);
INSERT INTO F21_S001_22_EMPLOYEE_ADDRESS
(EMP_ID, ADD_TYPE, STREET, CITY, ZIP)
VALUES('emp1001', 'office', 'Mark Roge', 'Jingzi', 76070);
INSERT INTO F21_S001_22_EMPLOYEE_ADDRESS
(EMP_ID, ADD_TYPE, STREET, CITY, ZIP)
VALUES('emp1002', 'home', 'Lillian', 'Turar Rysku', 76074);
INSERT INTO F21_S001_22_EMPLOYEE_ADDRESS
(EMP_ID, ADD_TYPE, STREET, CITY, ZIP)
VALUES('emp1003', 'office', 'Schmedeman', 'Sao Mateus', 76013);
INSERT INTO F21_S001_22_EMPLOYEE_ADDRESS
(EMP_ID, ADD_TYPE, STREET, CITY, ZIP)
VALUES('emp1004', 'home', 'Golf View', 'Levoberhnaya', 76125);
INSERT INTO F21_S001_22_EMPLOYEE_ADDRESS
(EMP_ID, ADD_TYPE, STREET, CITY, ZIP)
VALUES('emp1005', 'office', 'Milwaukee', 'Gaojimia', 76133);
INSERT INTO F21_S001_22_EMPLOYEE_ADDRESS
(EMP_ID, ADD_TYPE, STREET, CITY, ZIP)
VALUES('emp1006', 'home', 'Fieldstone', 'Xiangyin', 76040);
INSERT INTO F21_S001_22_EMPLOYEE_ADDRESS
(EMP_ID, ADD_TYPE, STREET, CITY, ZIP)
VALUES('emp1007', 'office', 'Talmadge', 'Tolotangga', 76051);
INSERT INTO F21_S001_22_EMPLOYEE_ADDRESS
(EMP_ID, ADD_TYPE, STREET, CITY, ZIP)
VALUES('emp1008', 'office', 'Mccormick', 'Texas', 76135);
INSERT INTO F21_S001_22_EMPLOYEE_ADDRESS
(EMP_ID, ADD_TYPE, STREET, CITY, ZIP)
VALUES('emp1009', 'office', 'Sachs', 'San Isidro', 76095);
INSERT INTO F21_S001_22_EMPLOYEE_ADDRESS
(EMP_ID, ADD_TYPE, STREET, CITY, ZIP)
VALUES('emp1010', 'office', 'Crowley', 'Jendouba', 76119);
INSERT INTO F21_S001_22_EMPLOYEE_ADDRESS
(EMP_ID, ADD_TYPE, STREET, CITY, ZIP)
VALUES('emp1011', 'home', 'Pennstate', 'Beiqijia', 76011);
INSERT INTO F21_S001_22_EMPLOYEE_ADDRESS
(EMP_ID, ADD_TYPE, STREET, CITY, ZIP)
VALUES('emp1012', 'home', 'Washington', 'Copa', 76132);
INSERT INTO F21_S001_22_EMPLOYEE_ADDRESS
(EMP_ID, ADD_TYPE, STREET, CITY, ZIP)
VALUES('emp1013', 'home', 'Roth', 'Kambkawu', 76062);
INSERT INTO F21_S001_22_EMPLOYEE_ADDRESS
(EMP_ID, ADD_TYPE, STREET, CITY, ZIP)
VALUES('emp1014', 'home', 'Vermont', 'Namioka', 76044);
INSERT INTO F21_S001_22_EMPLOYEE_ADDRESS
(EMP_ID, ADD_TYPE, STREET, CITY, ZIP)
VALUES('emp1015', 'home', 'Pond', 'Gali', 76072);
INSERT INTO F21_S001_22_EMPLOYEE_ADDRESS
(EMP_ID, ADD_TYPE, STREET, CITY, ZIP)
VALUES('emp1016', 'office', 'Kim', 'Cergy-Pontoise', 76092);
INSERT INTO F21_S001_22_EMPLOYEE_ADDRESS
(EMP_ID, ADD_TYPE, STREET, CITY, ZIP)
VALUES('emp1017', 'office', 'Crownhardt', 'Francisco Muj', 76089);
INSERT INTO F21_S001_22_EMPLOYEE_ADDRESS
(EMP_ID, ADD_TYPE, STREET, CITY, ZIP)
VALUES('emp1018', 'office', 'Portage', 'Buarcos', 76080);
INSERT INTO F21_S001_22_EMPLOYEE_ADDRESS
(EMP_ID, ADD_TYPE, STREET, CITY, ZIP)
VALUES('emp1019', 'home', 'Upham', 'Tangalla', 76096);
INSERT INTO F21_S001_22_EMPLOYEE_ADDRESS
(EMP_ID, ADD_TYPE, STREET, CITY, ZIP)
VALUES('emp1020', 'office', 'Holy Cross', 'Cauayan', 76093);
INSERT INTO F21_S001_22_EMPLOYEE_ADDRESS
(EMP_ID, ADD_TYPE, STREET, CITY, ZIP)
VALUES('emp1021', 'office', 'Jackson', 'Jayanca', 76032);
INSERT INTO F21_S001_22_EMPLOYEE_ADDRESS
(EMP_ID, ADD_TYPE, STREET, CITY, ZIP)
VALUES('emp1022', 'home', 'Mayfield', 'Tianjiazhai', 76106);
INSERT INTO F21_S001_22_EMPLOYEE_ADDRESS
(EMP_ID, ADD_TYPE, STREET, CITY, ZIP)
VALUES('emp1023', 'office', 'Manufacturers', 'Macau', 76059);
INSERT INTO F21_S001_22_EMPLOYEE_ADDRESS
(EMP_ID, ADD_TYPE, STREET, CITY, ZIP)
VALUES('emp1024', 'office', 'Moland', 'Cipicung', 76047);
INSERT INTO F21_S001_22_EMPLOYEE_ADDRESS
(EMP_ID, ADD_TYPE, STREET, CITY, ZIP)
VALUES('emp1025', 'office', 'Paget', 'Hitiaa', 76071);
INSERT INTO F21_S001_22_EMPLOYEE_ADDRESS
(EMP_ID, ADD_TYPE, STREET, CITY, ZIP)
VALUES('emp1026', 'office', 'Drewry', 'Horad Krychaw', 76100);
INSERT INTO F21_S001_22_EMPLOYEE_ADDRESS
(EMP_ID, ADD_TYPE, STREET, CITY, ZIP)
VALUES('emp1027', 'home', 'Roxbury', 'Rokitno Szlacheckie', 76081);
INSERT INTO F21_S001_22_EMPLOYEE_ADDRESS
(EMP_ID, ADD_TYPE, STREET, CITY, ZIP)
VALUES('emp1028', 'office', 'Cambridge', 'Zhongxia', 76103);
INSERT INTO F21_S001_22_EMPLOYEE_ADDRESS
(EMP_ID, ADD_TYPE, STREET, CITY, ZIP)
VALUES('emp1029', 'office', 'Center', 'Jiadingzhen', 76073);
INSERT INTO F21_S001_22_EMPLOYEE_ADDRESS
(EMP_ID, ADD_TYPE, STREET, CITY, ZIP)
VALUES('emp1030', 'home', 'School', 'Kalipare', 76102);
INSERT INTO F21_S001_22_EMPLOYEE_ADDRESS
(EMP_ID, ADD_TYPE, STREET, CITY, ZIP)
VALUES('emp1031', 'office', 'Spaight', 'Atsugi', 76079);
INSERT INTO F21_S001_22_EMPLOYEE_ADDRESS
(EMP_ID, ADD_TYPE, STREET, CITY, ZIP)
VALUES('emp1032', 'home', 'Valley Edge', 'Digne-les-Bains', 76027);
INSERT INTO F21_S001_22_EMPLOYEE_ADDRESS
(EMP_ID, ADD_TYPE, STREET, CITY, ZIP)
VALUES('emp1033', 'home', 'Buena Vista', 'Arkansaz', 76081);
INSERT INTO F21_S001_22_EMPLOYEE_ADDRESS
(EMP_ID, ADD_TYPE, STREET, CITY, ZIP)
VALUES('emp1034', 'home', 'Dovetail', 'Hongde  ', 76135);
INSERT INTO F21_S001_22_EMPLOYEE_ADDRESS
(EMP_ID, ADD_TYPE, STREET, CITY, ZIP)
VALUES('emp1035', 'home', 'Shelley', 'Zongzhai', 76012);


-- ---------------------------------------------------------------------------------------------
-- Query to insert data to table F21_S001_22_practice
-- ---------------------------------------------------------------------------------------------
INSERT INTO F21_S001_22_PRACTICE
(PRACTICE_ID, NPI, TAX_ID, PHONE, STREET, CITY, ZIP, MGR_EMP_ID)
VALUES('p701', 7681655895, 7347983703, '9255864924', 'Loomis', 'Paris 20', 76052, 'emp1001');
INSERT INTO F21_S001_22_PRACTICE
(PRACTICE_ID, NPI, TAX_ID, PHONE, STREET, CITY, ZIP, MGR_EMP_ID)
VALUES('p702', 7812093106, 1985552345, '7249609831', 'Loomis', 'Qingshi', 76055, 'emp1006');
INSERT INTO F21_S001_22_PRACTICE
(PRACTICE_ID, NPI, TAX_ID, PHONE, STREET, CITY, ZIP, MGR_EMP_ID)
VALUES('p703', 7982012917, 5617023349, '7316772319', 'Fairfield', 'Mandaon', 76196, 'emp1011');
INSERT INTO F21_S001_22_PRACTICE
(PRACTICE_ID, NPI, TAX_ID, PHONE, STREET, CITY, ZIP, MGR_EMP_ID)
VALUES('p704', 7422858236, 3139320922, '3359625759', 'Morningstar', 'Xiaolongmen', 76029, 'emp1016');
INSERT INTO F21_S001_22_PRACTICE
(PRACTICE_ID, NPI, TAX_ID, PHONE, STREET, CITY, ZIP, MGR_EMP_ID)
VALUES('p705', 7938876885, 1428181164, '6096810907', 'Westridge', 'Palkovice', 76068, 'emp1021');
INSERT INTO F21_S001_22_PRACTICE (PRACTICE_ID, NPI, TAX_ID, PHONE, STREET, CITY, ZIP, MGR_EMP_ID) 
VALUES('p706', 8105587543, 8346473915, '7904469578', 'Dryden', 'Munich', 76199, 'emp1026');
INSERT INTO F21_S001_22_PRACTICE (PRACTICE_ID, NPI, TAX_ID, PHONE, STREET, CITY, ZIP, MGR_EMP_ID) 
VALUES('p707', 8077644837, 5382339694, '8078401476', 'Mandrake', 'Szamotuay', 76217, 'emp1031');

-- ---------------------------------------------------------------------------------------------
-- Query to insert data to table F21_S001_22_feedback
-- ---------------------------------------------------------------------------------------------

INSERT INTO F21_S001_22_FEEDBACK
(PATIENT_ID, RATING, PRACTICE_ID, FEEDBACK_COMMENT)
VALUES('pat5001', 5, 'p707', 'Cross-group coherent structure');
INSERT INTO F21_S001_22_FEEDBACK
(PATIENT_ID, RATING, PRACTICE_ID, FEEDBACK_COMMENT)
VALUES('pat5002', 2, 'p705', 'Decentralized clear-thinking superstructure');
INSERT INTO F21_S001_22_FEEDBACK
(PATIENT_ID, RATING, PRACTICE_ID, FEEDBACK_COMMENT)
VALUES('pat5003', 5, 'p704', 'Centralized high-level analyzer');
INSERT INTO F21_S001_22_FEEDBACK
(PATIENT_ID, RATING, PRACTICE_ID, FEEDBACK_COMMENT)
VALUES('pat5004', 3.9, 'p707', 'Realigned client-driven superstructure');
INSERT INTO F21_S001_22_FEEDBACK
(PATIENT_ID, RATING, PRACTICE_ID, FEEDBACK_COMMENT)
VALUES('pat5005', 2.6, 'p704', 'Decentralized object-oriented capability');
INSERT INTO F21_S001_22_FEEDBACK
(PATIENT_ID, RATING, PRACTICE_ID, FEEDBACK_COMMENT)
VALUES('pat5006', 4.1, 'p702', 'Profit-focused attitude-oriented success');
INSERT INTO F21_S001_22_FEEDBACK
(PATIENT_ID, RATING, PRACTICE_ID, FEEDBACK_COMMENT)
VALUES('pat5007', 2.9, 'p707', 'Persistent heuristic intranet');
INSERT INTO F21_S001_22_FEEDBACK
(PATIENT_ID, RATING, PRACTICE_ID, FEEDBACK_COMMENT)
VALUES('pat5008', 4.3, 'p704', 'Stand-alone systemic project');
INSERT INTO F21_S001_22_FEEDBACK
(PATIENT_ID, RATING, PRACTICE_ID, FEEDBACK_COMMENT)
VALUES('pat5009', 3.2, 'p706', 'Future-proofed secondary implementation');
INSERT INTO F21_S001_22_FEEDBACK
(PATIENT_ID, RATING, PRACTICE_ID, FEEDBACK_COMMENT)
VALUES('pat5010', 5, 'p705', 'Enterprise-wide solution-oriented conglomeration');
INSERT INTO F21_S001_22_FEEDBACK
(PATIENT_ID, RATING, PRACTICE_ID, FEEDBACK_COMMENT)
VALUES('pat5011', 2.7, 'p703', 'Self-enabling holistic system engine');
INSERT INTO F21_S001_22_FEEDBACK
(PATIENT_ID, RATING, PRACTICE_ID, FEEDBACK_COMMENT)
VALUES('pat5012', 4.5, 'p707', 'Organized background analyzer');
INSERT INTO F21_S001_22_FEEDBACK
(PATIENT_ID, RATING, PRACTICE_ID, FEEDBACK_COMMENT)
VALUES('pat5013', 4.2, 'p702', 'Self-enabling tertiary application');
INSERT INTO F21_S001_22_FEEDBACK
(PATIENT_ID, RATING, PRACTICE_ID, FEEDBACK_COMMENT)
VALUES('pat5014', 2.1, 'p706', 'Triple-buffered demand-driven firmware');
INSERT INTO F21_S001_22_FEEDBACK
(PATIENT_ID, RATING, PRACTICE_ID, FEEDBACK_COMMENT)
VALUES('pat5015', 4.8, 'p706', 'Cross-platform national access');
INSERT INTO F21_S001_22_FEEDBACK
(PATIENT_ID, RATING, PRACTICE_ID, FEEDBACK_COMMENT)
VALUES('pat5016', 2.5, 'p701', 'Multi-lateral systemic architecture');
INSERT INTO F21_S001_22_FEEDBACK
(PATIENT_ID, RATING, PRACTICE_ID, FEEDBACK_COMMENT)
VALUES('pat5017', 4.2, 'p705', 'Proactive human-resource interface');
INSERT INTO F21_S001_22_FEEDBACK
(PATIENT_ID, RATING, PRACTICE_ID, FEEDBACK_COMMENT)
VALUES('pat5018', 4.9, 'p707', 'Ergonomic asynchronous workforce');
INSERT INTO F21_S001_22_FEEDBACK
(PATIENT_ID, RATING, PRACTICE_ID, FEEDBACK_COMMENT)
VALUES('pat5019', 4.6, 'p701', 'Cloned demand-driven portal');
INSERT INTO F21_S001_22_FEEDBACK
(PATIENT_ID, RATING, PRACTICE_ID, FEEDBACK_COMMENT)
VALUES('pat5020', 3, 'p704', 'Programmable transitional definition');
INSERT INTO F21_S001_22_FEEDBACK
(PATIENT_ID, RATING, PRACTICE_ID, FEEDBACK_COMMENT)
VALUES('pat5021', 4.5, 'p702', 'Decentralized executive hardware');
INSERT INTO F21_S001_22_FEEDBACK
(PATIENT_ID, RATING, PRACTICE_ID, FEEDBACK_COMMENT)
VALUES('pat5022', 3.7, 'p706', 'Devolved solution-oriented projection');
INSERT INTO F21_S001_22_FEEDBACK
(PATIENT_ID, RATING, PRACTICE_ID, FEEDBACK_COMMENT)
VALUES('pat5023', 3.1, 'p701', 'Decentralized high-level array');
INSERT INTO F21_S001_22_FEEDBACK
(PATIENT_ID, RATING, PRACTICE_ID, FEEDBACK_COMMENT)
VALUES('pat5024', 3.2, 'p701', 'Sharable global concept');
INSERT INTO F21_S001_22_FEEDBACK
(PATIENT_ID, RATING, PRACTICE_ID, FEEDBACK_COMMENT)
VALUES('pat5025', 3.6, 'p703', 'Optional composite knowledge base');
INSERT INTO F21_S001_22_FEEDBACK
(PATIENT_ID, RATING, PRACTICE_ID, FEEDBACK_COMMENT)
VALUES('pat5026', 3.6, 'p707', 'Down-sized next generation benchmark');
INSERT INTO F21_S001_22_FEEDBACK
(PATIENT_ID, RATING, PRACTICE_ID, FEEDBACK_COMMENT)
VALUES('pat5027', 4.7, 'p706', 'Intuitive object-oriented infrastructure');
INSERT INTO F21_S001_22_FEEDBACK
(PATIENT_ID, RATING, PRACTICE_ID, FEEDBACK_COMMENT)
VALUES('pat5028', 3.9, 'p705', 'Universal secondary success');
INSERT INTO F21_S001_22_FEEDBACK
(PATIENT_ID, RATING, PRACTICE_ID, FEEDBACK_COMMENT)
VALUES('pat5029', 3.2, 'p707', 'Future-proofed logistical frame');
INSERT INTO F21_S001_22_FEEDBACK
(PATIENT_ID, RATING, PRACTICE_ID, FEEDBACK_COMMENT)
VALUES('pat5030', 3.4, 'p706', 'Stand-alone multi-state hardware');
INSERT INTO F21_S001_22_FEEDBACK
(PATIENT_ID, RATING, PRACTICE_ID, FEEDBACK_COMMENT)
VALUES('pat5031', 4.3, 'p704', 'Business-focused homogeneous alliance');
INSERT INTO F21_S001_22_FEEDBACK
(PATIENT_ID, RATING, PRACTICE_ID, FEEDBACK_COMMENT)
VALUES('pat5032', 4.4, 'p701', 'Visionary system-worthy parallelism');
INSERT INTO F21_S001_22_FEEDBACK
(PATIENT_ID, RATING, PRACTICE_ID, FEEDBACK_COMMENT)
VALUES('pat5033', 2.7, 'p703', 'Public-key client-driven functionalities');
INSERT INTO F21_S001_22_FEEDBACK
(PATIENT_ID, RATING, PRACTICE_ID, FEEDBACK_COMMENT)
VALUES('pat5034', 3, 'p703', 'Switchable zero defect hardware');
INSERT INTO F21_S001_22_FEEDBACK
(PATIENT_ID, RATING, PRACTICE_ID, FEEDBACK_COMMENT)
VALUES('pat5035', 2.7, 'p701', 'Implemented multi-state product');
INSERT INTO F21_S001_22_FEEDBACK
(PATIENT_ID, RATING, PRACTICE_ID, FEEDBACK_COMMENT)
VALUES('pat5036', 2.5, 'p706', 'Programmable analyzing service-desk');
INSERT INTO F21_S001_22_FEEDBACK
(PATIENT_ID, RATING, PRACTICE_ID, FEEDBACK_COMMENT)
VALUES('pat5037', 2.7, 'p706', 'Optimized incremental protocol');
INSERT INTO F21_S001_22_FEEDBACK
(PATIENT_ID, RATING, PRACTICE_ID, FEEDBACK_COMMENT)
VALUES('pat5038', 2.1, 'p707', 'Networked user-facing access');
INSERT INTO F21_S001_22_FEEDBACK
(PATIENT_ID, RATING, PRACTICE_ID, FEEDBACK_COMMENT)
VALUES('pat5039', 3.1, 'p706', 'Streamlined stable artificial intelligence');
INSERT INTO F21_S001_22_FEEDBACK
(PATIENT_ID, RATING, PRACTICE_ID, FEEDBACK_COMMENT)
VALUES('pat5040', 3.8, 'p705', 'Object-based context-sensitive system engine');
INSERT INTO F21_S001_22_FEEDBACK
(PATIENT_ID, RATING, PRACTICE_ID, FEEDBACK_COMMENT)
VALUES('pat5041', 2.6, 'p705', 'Self-enabling multi-state help-desk');
INSERT INTO F21_S001_22_FEEDBACK
(PATIENT_ID, RATING, PRACTICE_ID, FEEDBACK_COMMENT)
VALUES('pat5042', 2.6, 'p707', 'Multi-channelled asynchronous algorithm');
INSERT INTO F21_S001_22_FEEDBACK
(PATIENT_ID, RATING, PRACTICE_ID, FEEDBACK_COMMENT)
VALUES('pat5043', 3.8, 'p705', 'Visionary intangible matrices');
INSERT INTO F21_S001_22_FEEDBACK
(PATIENT_ID, RATING, PRACTICE_ID, FEEDBACK_COMMENT)
VALUES('pat5044', 5, 'p704', 'Re-contextualized secondary groupware');
INSERT INTO F21_S001_22_FEEDBACK
(PATIENT_ID, RATING, PRACTICE_ID, FEEDBACK_COMMENT)
VALUES('pat5045', 5, 'p706', 'Multi-layered demand-driven neural-net');
INSERT INTO F21_S001_22_FEEDBACK
(PATIENT_ID, RATING, PRACTICE_ID, FEEDBACK_COMMENT)
VALUES('pat5046', 4.4, 'p702', 'Upgradable didactic access');
INSERT INTO F21_S001_22_FEEDBACK
(PATIENT_ID, RATING, PRACTICE_ID, FEEDBACK_COMMENT)
VALUES('pat5047', 4.7, 'p703', 'User-friendly bottom-line attitude');
INSERT INTO F21_S001_22_FEEDBACK
(PATIENT_ID, RATING, PRACTICE_ID, FEEDBACK_COMMENT)
VALUES('pat5048', 2.2, 'p706', 'Focused value-added open system');
INSERT INTO F21_S001_22_FEEDBACK
(PATIENT_ID, RATING, PRACTICE_ID, FEEDBACK_COMMENT)
VALUES('pat5049', 3.5, 'p705', 'Multi-tiered user-facing flexibility');
INSERT INTO F21_S001_22_FEEDBACK
(PATIENT_ID, RATING, PRACTICE_ID, FEEDBACK_COMMENT)
VALUES('pat5050', 4.8, 'p706', 'Secured background success');

-- ---------------------------------------------------------------------------------------------
-- Query to insert data to table F21_S001_22_drug
-- ---------------------------------------------------------------------------------------------

INSERT INTO F21_S001_22_DRUG
(DRUG_ID, NAME, DRUG_TYPE, PAT_AMOUNT, DRUG_COST)
VALUES('dx101', 'Pxcc Omga', 'capsules', 41.42, 6.08);
INSERT INTO F21_S001_22_DRUG
(DRUG_ID, NAME, DRUG_TYPE, PAT_AMOUNT, DRUG_COST)
VALUES('dx102', 'Norinyl', 'capsules', 36.88, 6.88);
INSERT INTO F21_S001_22_DRUG
(DRUG_ID, NAME, DRUG_TYPE, PAT_AMOUNT, DRUG_COST)
VALUES('dx103', 'WalgetsTricon', 'intravenous', 31.59, 9.03);
INSERT INTO F21_S001_22_DRUG
(DRUG_ID, NAME, DRUG_TYPE, PAT_AMOUNT, DRUG_COST)
VALUES('dx104', 'Citadeen', 'intravenous', 26.35, 4.65);
INSERT INTO F21_S001_22_DRUG
(DRUG_ID, NAME, DRUG_TYPE, PAT_AMOUNT, DRUG_COST)
VALUES('dx105', 'AMERFRESH', 'intravenous', 32.03, 9.08);
INSERT INTO F21_S001_22_DRUG
(DRUG_ID, NAME, DRUG_TYPE, PAT_AMOUNT, DRUG_COST)
VALUES('dx106', 'Aldex', 'intravenous', 44.3, 7.66);
INSERT INTO F21_S001_22_DRUG
(DRUG_ID, NAME, DRUG_TYPE, PAT_AMOUNT, DRUG_COST)
VALUES('dx107', 'Ciprofloxacin', 'intravenous', 25.38, 4.96);
INSERT INTO F21_S001_22_DRUG
(DRUG_ID, NAME, DRUG_TYPE, PAT_AMOUNT, DRUG_COST)
VALUES('dx108', 'risperidone', 'capsules', 17.79, 10.69);
INSERT INTO F21_S001_22_DRUG
(DRUG_ID, NAME, DRUG_TYPE, PAT_AMOUNT, DRUG_COST)
VALUES('dx109', 'Eublix', 'capsules', 36.7, 4.74);
INSERT INTO F21_S001_22_DRUG
(DRUG_ID, NAME, DRUG_TYPE, PAT_AMOUNT, DRUG_COST)
VALUES('dx110', 'BurweedElder', 'capsules', 34.03, 5.86);
INSERT INTO F21_S001_22_DRUG
(DRUG_ID, NAME, DRUG_TYPE, PAT_AMOUNT, DRUG_COST)
VALUES('dx111', 'ColgateFluoride', 'tablets', 25.53, 11.66);
INSERT INTO F21_S001_22_DRUG
(DRUG_ID, NAME, DRUG_TYPE, PAT_AMOUNT, DRUG_COST)
VALUES('dx112', 'Tosowoong', 'intravenous', 22.16, 11.06);
INSERT INTO F21_S001_22_DRUG
(DRUG_ID, NAME, DRUG_TYPE, PAT_AMOUNT, DRUG_COST)
VALUES('dx113', 'Restigoster', 'capsules', 44.73, 4.74);
INSERT INTO F21_S001_22_DRUG
(DRUG_ID, NAME, DRUG_TYPE, PAT_AMOUNT, DRUG_COST)
VALUES('dx114', 'ACETAMINOPHEN', 'capsules', 29.7, 11.23);
INSERT INTO F21_S001_22_DRUG
(DRUG_ID, NAME, DRUG_TYPE, PAT_AMOUNT, DRUG_COST)
VALUES('dx115', 'ArtificialAcetone', 'intravenous', 39.96, 5.42);
INSERT INTO F21_S001_22_DRUG
(DRUG_ID, NAME, DRUG_TYPE, PAT_AMOUNT, DRUG_COST)
VALUES('dx116', 'Iodine Bush', 'capsules', 39.78, 9.66);
INSERT INTO F21_S001_22_DRUG
(DRUG_ID, NAME, DRUG_TYPE, PAT_AMOUNT, DRUG_COST)
VALUES('dx117', 'Esika', 'capsules', 26.36, 1.55);
INSERT INTO F21_S001_22_DRUG
(DRUG_ID, NAME, DRUG_TYPE, PAT_AMOUNT, DRUG_COST)
VALUES('dx118', 'White Petrolatum', 'intravenous', 37.68, 10.45);
INSERT INTO F21_S001_22_DRUG
(DRUG_ID, NAME, DRUG_TYPE, PAT_AMOUNT, DRUG_COST)
VALUES('dx119', 'lisinopril', 'tablets', 20.13, 1.82);
INSERT INTO F21_S001_22_DRUG
(DRUG_ID, NAME, DRUG_TYPE, PAT_AMOUNT, DRUG_COST)
VALUES('dx120', 'Clarinsino', 'intravenous', 32.99, 8.21);

-- ---------------------------------------------------------------------------------------------
-- Query to insert data to table F21_S001_22_material
-- ---------------------------------------------------------------------------------------------

INSERT INTO F21_S001_22_MATERIAL
(MATERIAL_ID, NAME, MATERIAL_TYPE, PAT_AMOUNT, MATERIAL_COST)
VALUES('mx301', 'CorpBrothers', 'ceramics', 54.74, 16.25);
INSERT INTO F21_S001_22_MATERIAL
(MATERIAL_ID, NAME, MATERIAL_TYPE, PAT_AMOUNT, MATERIAL_COST)
VALUES('mx302', 'Wnutiritional', 'amalgam', 100.11, 24.56);
INSERT INTO F21_S001_22_MATERIAL
(MATERIAL_ID, NAME, MATERIAL_TYPE, PAT_AMOUNT, MATERIAL_COST)
VALUES('mx303', 'SandozInc', 'ceramics', 103.9, 29.72);
INSERT INTO F21_S001_22_MATERIAL
(MATERIAL_ID, NAME, MATERIAL_TYPE, PAT_AMOUNT, MATERIAL_COST)
VALUES('mx304', 'EpicPharma', 'composites', 111.28, 8.87);
INSERT INTO F21_S001_22_MATERIAL
(MATERIAL_ID, NAME, MATERIAL_TYPE, PAT_AMOUNT, MATERIAL_COST)
VALUES('mx305', 'AMHPack', 'ceramics', 51.63, 30.01);
INSERT INTO F21_S001_22_MATERIAL
(MATERIAL_ID, NAME, MATERIAL_TYPE, PAT_AMOUNT, MATERIAL_COST)
VALUES('mx306', 'Dolgencorp', 'amalgam', 95.04, 29.61);
INSERT INTO F21_S001_22_MATERIAL
(MATERIAL_ID, NAME, MATERIAL_TYPE, PAT_AMOUNT, MATERIAL_COST)
VALUES('mx307', 'Excellium', 'ceramics', 99.67, 28.61);
INSERT INTO F21_S001_22_MATERIAL
(MATERIAL_ID, NAME, MATERIAL_TYPE, PAT_AMOUNT, MATERIAL_COST)
VALUES('mx308', 'Impax', 'composites', 45.57, 15.81);
INSERT INTO F21_S001_22_MATERIAL
(MATERIAL_ID, NAME, MATERIAL_TYPE, PAT_AMOUNT, MATERIAL_COST)
VALUES('mx309', 'Nelco', 'ceramics', 52.69, 18.15);
INSERT INTO F21_S001_22_MATERIAL
(MATERIAL_ID, NAME, MATERIAL_TYPE, PAT_AMOUNT, MATERIAL_COST)
VALUES('mx310', 'Pref Inc', 'amalgam', 82.6, 33.01);
INSERT INTO F21_S001_22_MATERIAL
(MATERIAL_ID, NAME, MATERIAL_TYPE, PAT_AMOUNT, MATERIAL_COST)
VALUES('mx311', 'QualPharma', 'composites', 63.3, 25.77);
INSERT INTO F21_S001_22_MATERIAL
(MATERIAL_ID, NAME, MATERIAL_TYPE, PAT_AMOUNT, MATERIAL_COST)
VALUES('mx312', 'Kehlbeck GmbH', 'composites', 54.3, 24.61);
INSERT INTO F21_S001_22_MATERIAL
(MATERIAL_ID, NAME, MATERIAL_TYPE, PAT_AMOUNT, MATERIAL_COST)
VALUES('mx313', 'THEHOP', 'amalgam', 80.11, 7.6);
INSERT INTO F21_S001_22_MATERIAL
(MATERIAL_ID, NAME, MATERIAL_TYPE, PAT_AMOUNT, MATERIAL_COST)
VALUES('mx314', 'BioActive', 'composites', 119.2, 26.38);
INSERT INTO F21_S001_22_MATERIAL
(MATERIAL_ID, NAME, MATERIAL_TYPE, PAT_AMOUNT, MATERIAL_COST)
VALUES('mx315', 'Parfums beate', 'composites', 45.8, 17.24);
INSERT INTO F21_S001_22_MATERIAL
(MATERIAL_ID, NAME, MATERIAL_TYPE, PAT_AMOUNT, MATERIAL_COST)
VALUES('mx316', 'Upsher-Smith', 'composites', 86.74, 31.58);
INSERT INTO F21_S001_22_MATERIAL
(MATERIAL_ID, NAME, MATERIAL_TYPE, PAT_AMOUNT, MATERIAL_COST)
VALUES('mx317', 'PolyPharma', 'amalgam', 106.56, 2.67);
INSERT INTO F21_S001_22_MATERIAL
(MATERIAL_ID, NAME, MATERIAL_TYPE, PAT_AMOUNT, MATERIAL_COST)
VALUES('mx318', 'HubePharma', 'amalgam', 43.15, 21.39);
INSERT INTO F21_S001_22_MATERIAL
(MATERIAL_ID, NAME, MATERIAL_TYPE, PAT_AMOUNT, MATERIAL_COST)
VALUES('mx319', 'AntigenLab', 'ceramics', 117.38, 29.56);
INSERT INTO F21_S001_22_MATERIAL
(MATERIAL_ID, NAME, MATERIAL_TYPE, PAT_AMOUNT, MATERIAL_COST)
VALUES('mx320', 'EonLabs', 'composites', 66.74, 11.69);

-- ---------------------------------------------------------------------------------------------
-- Query to insert data to table F21_S001_22_operatory
-- ---------------------------------------------------------------------------------------------

INSERT INTO F21_S001_22_OPERATORY
(OPERATORY_ID, ROOM_NO, OP_TYPE, PRACTICE_ID)
VALUES('opt601', 232, 'surgery', 'p701');
INSERT INTO F21_S001_22_OPERATORY
(OPERATORY_ID, ROOM_NO, OP_TYPE, PRACTICE_ID)
VALUES('opt602', 207, 'hygiene', 'p701');
INSERT INTO F21_S001_22_OPERATORY
(OPERATORY_ID, ROOM_NO, OP_TYPE, PRACTICE_ID)
VALUES('opt603', 218, 'treatment', 'p701');
INSERT INTO F21_S001_22_OPERATORY
(OPERATORY_ID, ROOM_NO, OP_TYPE, PRACTICE_ID)
VALUES('opt604', 220, 'surgery', 'p702');
INSERT INTO F21_S001_22_OPERATORY
(OPERATORY_ID, ROOM_NO, OP_TYPE, PRACTICE_ID)
VALUES('opt605', 231, 'hygiene', 'p702');
INSERT INTO F21_S001_22_OPERATORY
(OPERATORY_ID, ROOM_NO, OP_TYPE, PRACTICE_ID)
VALUES('opt606', 211, 'treatment', 'p702');
INSERT INTO F21_S001_22_OPERATORY
(OPERATORY_ID, ROOM_NO, OP_TYPE, PRACTICE_ID)
VALUES('opt607', 213, 'surgery', 'p703');
INSERT INTO F21_S001_22_OPERATORY
(OPERATORY_ID, ROOM_NO, OP_TYPE, PRACTICE_ID)
VALUES('opt608', 227, 'hygiene', 'p703');
INSERT INTO F21_S001_22_OPERATORY
(OPERATORY_ID, ROOM_NO, OP_TYPE, PRACTICE_ID)
VALUES('opt609', 200, 'treatment', 'p703');
INSERT INTO F21_S001_22_OPERATORY
(OPERATORY_ID, ROOM_NO, OP_TYPE, PRACTICE_ID)
VALUES('opt610', 202, 'surgery', 'p704');
INSERT INTO F21_S001_22_OPERATORY
(OPERATORY_ID, ROOM_NO, OP_TYPE, PRACTICE_ID)
VALUES('opt611', 210, 'hygiene', 'p704');
INSERT INTO F21_S001_22_OPERATORY
(OPERATORY_ID, ROOM_NO, OP_TYPE, PRACTICE_ID)
VALUES('opt612', 203, 'treatment', 'p704');
INSERT INTO F21_S001_22_OPERATORY
(OPERATORY_ID, ROOM_NO, OP_TYPE, PRACTICE_ID)
VALUES('opt613', 208, 'surgery', 'p705');
INSERT INTO F21_S001_22_OPERATORY
(OPERATORY_ID, ROOM_NO, OP_TYPE, PRACTICE_ID)
VALUES('opt614', 208, 'hygiene', 'p705');
INSERT INTO F21_S001_22_OPERATORY
(OPERATORY_ID, ROOM_NO, OP_TYPE, PRACTICE_ID)
VALUES('opt615', 239, 'treatment', 'p705');
INSERT INTO F21_S001_22_OPERATORY
(OPERATORY_ID, ROOM_NO, OP_TYPE, PRACTICE_ID)
VALUES('opt616', 237, 'surgery', 'p706');
INSERT INTO F21_S001_22_OPERATORY
(OPERATORY_ID, ROOM_NO, OP_TYPE, PRACTICE_ID)
VALUES('opt617', 201, 'hygiene', 'p706');
INSERT INTO F21_S001_22_OPERATORY
(OPERATORY_ID, ROOM_NO, OP_TYPE, PRACTICE_ID)
VALUES('opt618', 221, 'treatment', 'p706');
INSERT INTO F21_S001_22_OPERATORY
(OPERATORY_ID, ROOM_NO, OP_TYPE, PRACTICE_ID)
VALUES('opt619', 205, 'surgery', 'p707');
INSERT INTO F21_S001_22_OPERATORY
(OPERATORY_ID, ROOM_NO, OP_TYPE, PRACTICE_ID)
VALUES('opt620', 237, 'hygiene', 'p707');
INSERT INTO F21_S001_22_OPERATORY
(OPERATORY_ID, ROOM_NO, OP_TYPE, PRACTICE_ID)
VALUES('opt621', 210, 'treatment', 'p707');

-- ---------------------------------------------------------------------------------------------
-- Query to insert data to table F21_S001_22_appointment
-- ---------------------------------------------------------------------------------------------
INSERT INTO F21_S001_22_APPOINTMENT
(APPT_ID, DATETIME, PATIENT_ID, EMP_ID, STATUS)
VALUES('appt101', TIMESTAMP '2021-07-02 00:00:00.000000', 'pat5042', 'emp1018', 'complete');
INSERT INTO F21_S001_22_APPOINTMENT
(APPT_ID, DATETIME, PATIENT_ID, EMP_ID, STATUS)
VALUES('appt102', TIMESTAMP '2021-06-22 00:00:00.000000', 'pat5017', 'emp1031', 'scheduled');
INSERT INTO F21_S001_22_APPOINTMENT
(APPT_ID, DATETIME, PATIENT_ID, EMP_ID, STATUS)
VALUES('appt103', TIMESTAMP '2021-08-08 00:00:00.000000', 'pat5036', 'emp1026', 'noshow');
INSERT INTO F21_S001_22_APPOINTMENT
(APPT_ID, DATETIME, PATIENT_ID, EMP_ID, STATUS)
VALUES('appt104', TIMESTAMP '2021-06-21 00:00:00.000000', 'pat5023', 'emp1006', 'confirmed');
INSERT INTO F21_S001_22_APPOINTMENT
(APPT_ID, DATETIME, PATIENT_ID, EMP_ID, STATUS)
VALUES('appt105', TIMESTAMP '2021-07-10 00:00:00.000000', 'pat5039', 'emp1025', 'canceled');
INSERT INTO F21_S001_22_APPOINTMENT
(APPT_ID, DATETIME, PATIENT_ID, EMP_ID, STATUS)
VALUES('appt106', TIMESTAMP '2021-08-30 00:00:00.000000', 'pat5021', 'emp1005', 'confirmed');
INSERT INTO F21_S001_22_APPOINTMENT
(APPT_ID, DATETIME, PATIENT_ID, EMP_ID, STATUS)
VALUES('appt107', TIMESTAMP '2021-03-16 00:00:00.000000', 'pat5018', 'emp1025', 'noshow');
INSERT INTO F21_S001_22_APPOINTMENT
(APPT_ID, DATETIME, PATIENT_ID, EMP_ID, STATUS)
VALUES('appt108', TIMESTAMP '2021-11-15 00:00:00.000000', 'pat5030', 'emp1008', 'confirmed');
INSERT INTO F21_S001_22_APPOINTMENT
(APPT_ID, DATETIME, PATIENT_ID, EMP_ID, STATUS)
VALUES('appt109', TIMESTAMP '2021-08-04 00:00:00.000000', 'pat5044', 'emp1013', 'confirmed');
INSERT INTO F21_S001_22_APPOINTMENT
(APPT_ID, DATETIME, PATIENT_ID, EMP_ID, STATUS)
VALUES('appt110', TIMESTAMP '2021-08-04 00:00:00.000000', 'pat5028', 'emp1006', 'canceled');
INSERT INTO F21_S001_22_APPOINTMENT
(APPT_ID, DATETIME, PATIENT_ID, EMP_ID, STATUS)
VALUES('appt111', TIMESTAMP '2021-08-14 00:00:00.000000', 'pat5039', 'emp1018', 'confirmed');
INSERT INTO F21_S001_22_APPOINTMENT
(APPT_ID, DATETIME, PATIENT_ID, EMP_ID, STATUS)
VALUES('appt112', TIMESTAMP '2021-09-15 00:00:00.000000', 'pat5034', 'emp1003', 'scheduled');
INSERT INTO F21_S001_22_APPOINTMENT
(APPT_ID, DATETIME, PATIENT_ID, EMP_ID, STATUS)
VALUES('appt113', TIMESTAMP '2021-02-16 00:00:00.000000', 'pat5034', 'emp1005', 'noshow');
INSERT INTO F21_S001_22_APPOINTMENT
(APPT_ID, DATETIME, PATIENT_ID, EMP_ID, STATUS)
VALUES('appt114', TIMESTAMP '2021-01-26 00:00:00.000000', 'pat5020', 'emp1021', 'confirmed');
INSERT INTO F21_S001_22_APPOINTMENT
(APPT_ID, DATETIME, PATIENT_ID, EMP_ID, STATUS)
VALUES('appt115', TIMESTAMP '2021-04-16 00:00:00.000000', 'pat5038', 'emp1033', 'scheduled');
INSERT INTO F21_S001_22_APPOINTMENT
(APPT_ID, DATETIME, PATIENT_ID, EMP_ID, STATUS)
VALUES('appt116', TIMESTAMP '2021-04-25 00:00:00.000000', 'pat5031', 'emp1018', 'scheduled');
INSERT INTO F21_S001_22_APPOINTMENT
(APPT_ID, DATETIME, PATIENT_ID, EMP_ID, STATUS)
VALUES('appt117', TIMESTAMP '2021-11-12 00:00:00.000000', 'pat5007', 'emp1030', 'confirmed');
INSERT INTO F21_S001_22_APPOINTMENT
(APPT_ID, DATETIME, PATIENT_ID, EMP_ID, STATUS)
VALUES('appt118', TIMESTAMP '2021-08-10 00:00:00.000000', 'pat5044', 'emp1021', 'scheduled');
INSERT INTO F21_S001_22_APPOINTMENT
(APPT_ID, DATETIME, PATIENT_ID, EMP_ID, STATUS)
VALUES('appt119', TIMESTAMP '2021-05-22 00:00:00.000000', 'pat5003', 'emp1006', 'scheduled');
INSERT INTO F21_S001_22_APPOINTMENT
(APPT_ID, DATETIME, PATIENT_ID, EMP_ID, STATUS)
VALUES('appt120', TIMESTAMP '2021-05-13 00:00:00.000000', 'pat5020', 'emp1026', 'noshow');
INSERT INTO F21_S001_22_APPOINTMENT
(APPT_ID, DATETIME, PATIENT_ID, EMP_ID, STATUS)
VALUES('appt121', TIMESTAMP '2021-10-01 00:00:00.000000', 'pat5045', 'emp1033', 'confirmed');
INSERT INTO F21_S001_22_APPOINTMENT
(APPT_ID, DATETIME, PATIENT_ID, EMP_ID, STATUS)
VALUES('appt122', TIMESTAMP '2021-04-12 00:00:00.000000', 'pat5019', 'emp1023', 'confirmed');
INSERT INTO F21_S001_22_APPOINTMENT
(APPT_ID, DATETIME, PATIENT_ID, EMP_ID, STATUS)
VALUES('appt123', TIMESTAMP '2021-08-19 00:00:00.000000', 'pat5026', 'emp1023', 'complete');
INSERT INTO F21_S001_22_APPOINTMENT
(APPT_ID, DATETIME, PATIENT_ID, EMP_ID, STATUS)
VALUES('appt124', TIMESTAMP '2021-04-05 00:00:00.000000', 'pat5038', 'emp1015', 'scheduled');
INSERT INTO F21_S001_22_APPOINTMENT
(APPT_ID, DATETIME, PATIENT_ID, EMP_ID, STATUS)
VALUES('appt125', TIMESTAMP '2021-08-05 00:00:00.000000', 'pat5030', 'emp1020', 'scheduled');
INSERT INTO F21_S001_22_APPOINTMENT
(APPT_ID, DATETIME, PATIENT_ID, EMP_ID, STATUS)
VALUES('appt126', TIMESTAMP '2021-03-09 00:00:00.000000', 'pat5038', 'emp1016', 'canceled');
INSERT INTO F21_S001_22_APPOINTMENT
(APPT_ID, DATETIME, PATIENT_ID, EMP_ID, STATUS)
VALUES('appt127', TIMESTAMP '2021-05-10 00:00:00.000000', 'pat5024', 'emp1008', 'confirmed');
INSERT INTO F21_S001_22_APPOINTMENT
(APPT_ID, DATETIME, PATIENT_ID, EMP_ID, STATUS)
VALUES('appt128', TIMESTAMP '2021-02-27 00:00:00.000000', 'pat5035', 'emp1026', 'complete');
INSERT INTO F21_S001_22_APPOINTMENT
(APPT_ID, DATETIME, PATIENT_ID, EMP_ID, STATUS)
VALUES('appt129', TIMESTAMP '2021-01-20 00:00:00.000000', 'pat5018', 'emp1005', 'complete');
INSERT INTO F21_S001_22_APPOINTMENT
(APPT_ID, DATETIME, PATIENT_ID, EMP_ID, STATUS)
VALUES('appt130', TIMESTAMP '2021-08-05 00:00:00.000000', 'pat5027', 'emp1021', 'confirmed');
INSERT INTO F21_S001_22_APPOINTMENT
(APPT_ID, DATETIME, PATIENT_ID, EMP_ID, STATUS)
VALUES('appt131', TIMESTAMP '2021-01-01 00:00:00.000000', 'pat5020', 'emp1005', 'complete');
INSERT INTO F21_S001_22_APPOINTMENT
(APPT_ID, DATETIME, PATIENT_ID, EMP_ID, STATUS)
VALUES('appt132', TIMESTAMP '2021-09-14 00:00:00.000000', 'pat5029', 'emp1010', 'scheduled');
INSERT INTO F21_S001_22_APPOINTMENT
(APPT_ID, DATETIME, PATIENT_ID, EMP_ID, STATUS)
VALUES('appt133', TIMESTAMP '2021-07-13 00:00:00.000000', 'pat5042', 'emp1016', 'scheduled');
INSERT INTO F21_S001_22_APPOINTMENT
(APPT_ID, DATETIME, PATIENT_ID, EMP_ID, STATUS)
VALUES('appt134', TIMESTAMP '2021-02-05 00:00:00.000000', 'pat5019', 'emp1020', 'noshow');
INSERT INTO F21_S001_22_APPOINTMENT
(APPT_ID, DATETIME, PATIENT_ID, EMP_ID, STATUS)
VALUES('appt135', TIMESTAMP '2021-09-16 00:00:00.000000', 'pat5011', 'emp1035', 'complete');
INSERT INTO F21_S001_22_APPOINTMENT
(APPT_ID, DATETIME, PATIENT_ID, EMP_ID, STATUS)
VALUES('appt136', TIMESTAMP '2021-04-21 00:00:00.000000', 'pat5018', 'emp1013', 'confirmed');
INSERT INTO F21_S001_22_APPOINTMENT
(APPT_ID, DATETIME, PATIENT_ID, EMP_ID, STATUS)
VALUES('appt137', TIMESTAMP '2021-07-12 00:00:00.000000', 'pat5037', 'emp1025', 'confirmed');
INSERT INTO F21_S001_22_APPOINTMENT
(APPT_ID, DATETIME, PATIENT_ID, EMP_ID, STATUS)
VALUES('appt138', TIMESTAMP '2021-07-15 00:00:00.000000', 'pat5002', 'emp1028', 'scheduled');
INSERT INTO F21_S001_22_APPOINTMENT
(APPT_ID, DATETIME, PATIENT_ID, EMP_ID, STATUS)
VALUES('appt139', TIMESTAMP '2021-07-31 00:00:00.000000', 'pat5029', 'emp1003', 'confirmed');
INSERT INTO F21_S001_22_APPOINTMENT
(APPT_ID, DATETIME, PATIENT_ID, EMP_ID, STATUS)
VALUES('appt140', TIMESTAMP '2021-10-29 00:00:00.000000', 'pat5047', 'emp1016', 'noshow');
INSERT INTO F21_S001_22_APPOINTMENT
(APPT_ID, DATETIME, PATIENT_ID, EMP_ID, STATUS)
VALUES('appt141', TIMESTAMP '2021-10-26 00:00:00.000000', 'pat5042', 'emp1033', 'complete');
INSERT INTO F21_S001_22_APPOINTMENT
(APPT_ID, DATETIME, PATIENT_ID, EMP_ID, STATUS)
VALUES('appt142', TIMESTAMP '2021-05-19 00:00:00.000000', 'pat5050', 'emp1035', 'confirmed');
INSERT INTO F21_S001_22_APPOINTMENT
(APPT_ID, DATETIME, PATIENT_ID, EMP_ID, STATUS)
VALUES('appt143', TIMESTAMP '2021-10-30 00:00:00.000000', 'pat5043', 'emp1028', 'canceled');
INSERT INTO F21_S001_22_APPOINTMENT
(APPT_ID, DATETIME, PATIENT_ID, EMP_ID, STATUS)
VALUES('appt144', TIMESTAMP '2021-08-23 00:00:00.000000', 'pat5027', 'emp1005', 'noshow');
INSERT INTO F21_S001_22_APPOINTMENT
(APPT_ID, DATETIME, PATIENT_ID, EMP_ID, STATUS)
VALUES('appt145', TIMESTAMP '2021-04-11 00:00:00.000000', 'pat5035', 'emp1011', 'scheduled');
INSERT INTO F21_S001_22_APPOINTMENT
(APPT_ID, DATETIME, PATIENT_ID, EMP_ID, STATUS)
VALUES('appt146', TIMESTAMP '2021-03-31 00:00:00.000000', 'pat5043', 'emp1020', 'canceled');
INSERT INTO F21_S001_22_APPOINTMENT
(APPT_ID, DATETIME, PATIENT_ID, EMP_ID, STATUS)
VALUES('appt147', TIMESTAMP '2021-04-02 00:00:00.000000', 'pat5034', 'emp1028', 'canceled');
INSERT INTO F21_S001_22_APPOINTMENT
(APPT_ID, DATETIME, PATIENT_ID, EMP_ID, STATUS)
VALUES('appt148', TIMESTAMP '2021-11-02 00:00:00.000000', 'pat5048', 'emp1001', 'canceled');
INSERT INTO F21_S001_22_APPOINTMENT
(APPT_ID, DATETIME, PATIENT_ID, EMP_ID, STATUS)
VALUES('appt149', TIMESTAMP '2021-04-07 00:00:00.000000', 'pat5033', 'emp1021', 'noshow');
INSERT INTO F21_S001_22_APPOINTMENT
(APPT_ID, DATETIME, PATIENT_ID, EMP_ID, STATUS)
VALUES('appt150', TIMESTAMP '2021-09-22 00:00:00.000000', 'pat5026', 'emp1025', 'complete');
INSERT INTO F21_S001_22_APPOINTMENT
(APPT_ID, DATETIME, PATIENT_ID, EMP_ID, STATUS)
VALUES('appt151', TIMESTAMP '2021-06-05 00:00:00.000000', 'pat5046', 'emp1018', 'confirmed');
INSERT INTO F21_S001_22_APPOINTMENT
(APPT_ID, DATETIME, PATIENT_ID, EMP_ID, STATUS)
VALUES('appt152', TIMESTAMP '2021-04-17 00:00:00.000000', 'pat5017', 'emp1015', 'complete');
INSERT INTO F21_S001_22_APPOINTMENT
(APPT_ID, DATETIME, PATIENT_ID, EMP_ID, STATUS)
VALUES('appt153', TIMESTAMP '2021-01-06 00:00:00.000000', 'pat5045', 'emp1015', 'complete');
INSERT INTO F21_S001_22_APPOINTMENT
(APPT_ID, DATETIME, PATIENT_ID, EMP_ID, STATUS)
VALUES('appt154', TIMESTAMP '2021-03-29 00:00:00.000000', 'pat5033', 'emp1035', 'noshow');
INSERT INTO F21_S001_22_APPOINTMENT
(APPT_ID, DATETIME, PATIENT_ID, EMP_ID, STATUS)
VALUES('appt155', TIMESTAMP '2021-01-25 00:00:00.000000', 'pat5014', 'emp1005', 'confirmed');
INSERT INTO F21_S001_22_APPOINTMENT
(APPT_ID, DATETIME, PATIENT_ID, EMP_ID, STATUS)
VALUES('appt156', TIMESTAMP '2021-07-29 00:00:00.000000', 'pat5036', 'emp1011', 'complete');
INSERT INTO F21_S001_22_APPOINTMENT
(APPT_ID, DATETIME, PATIENT_ID, EMP_ID, STATUS)
VALUES('appt157', TIMESTAMP '2021-10-07 00:00:00.000000', 'pat5020', 'emp1003', 'scheduled');
INSERT INTO F21_S001_22_APPOINTMENT
(APPT_ID, DATETIME, PATIENT_ID, EMP_ID, STATUS)
VALUES('appt158', TIMESTAMP '2021-02-21 00:00:00.000000', 'pat5028', 'emp1031', 'canceled');
INSERT INTO F21_S001_22_APPOINTMENT
(APPT_ID, DATETIME, PATIENT_ID, EMP_ID, STATUS)
VALUES('appt159', TIMESTAMP '2021-09-14 00:00:00.000000', 'pat5016', 'emp1035', 'noshow');
INSERT INTO F21_S001_22_APPOINTMENT
(APPT_ID, DATETIME, PATIENT_ID, EMP_ID, STATUS)
VALUES('appt160', TIMESTAMP '2021-09-06 00:00:00.000000', 'pat5015', 'emp1031', 'noshow');
INSERT INTO F21_S001_22_APPOINTMENT
(APPT_ID, DATETIME, PATIENT_ID, EMP_ID, STATUS)
VALUES('appt161', TIMESTAMP '2021-06-30 00:00:00.000000', 'pat5019', 'emp1021', 'scheduled');
INSERT INTO F21_S001_22_APPOINTMENT
(APPT_ID, DATETIME, PATIENT_ID, EMP_ID, STATUS)
VALUES('appt162', TIMESTAMP '2021-05-20 00:00:00.000000', 'pat5025', 'emp1001', 'noshow');
INSERT INTO F21_S001_22_APPOINTMENT
(APPT_ID, DATETIME, PATIENT_ID, EMP_ID, STATUS)
VALUES('appt163', TIMESTAMP '2021-07-11 00:00:00.000000', 'pat5022', 'emp1030', 'canceled');
INSERT INTO F21_S001_22_APPOINTMENT
(APPT_ID, DATETIME, PATIENT_ID, EMP_ID, STATUS)
VALUES('appt164', TIMESTAMP '2021-09-19 00:00:00.000000', 'pat5047', 'emp1008', 'confirmed');
INSERT INTO F21_S001_22_APPOINTMENT
(APPT_ID, DATETIME, PATIENT_ID, EMP_ID, STATUS)
VALUES('appt165', TIMESTAMP '2021-05-23 00:00:00.000000', 'pat5004', 'emp1011', 'complete');
INSERT INTO F21_S001_22_APPOINTMENT
(APPT_ID, DATETIME, PATIENT_ID, EMP_ID, STATUS)
VALUES('appt166', TIMESTAMP '2021-07-29 00:00:00.000000', 'pat5012', 'emp1016', 'complete');
INSERT INTO F21_S001_22_APPOINTMENT
(APPT_ID, DATETIME, PATIENT_ID, EMP_ID, STATUS)
VALUES('appt167', TIMESTAMP '2021-01-24 00:00:00.000000', 'pat5030', 'emp1030', 'complete');
INSERT INTO F21_S001_22_APPOINTMENT
(APPT_ID, DATETIME, PATIENT_ID, EMP_ID, STATUS)
VALUES('appt168', TIMESTAMP '2021-09-18 00:00:00.000000', 'pat5041', 'emp1016', 'complete');
INSERT INTO F21_S001_22_APPOINTMENT
(APPT_ID, DATETIME, PATIENT_ID, EMP_ID, STATUS)
VALUES('appt169', TIMESTAMP '2021-11-01 00:00:00.000000', 'pat5011', 'emp1025', 'confirmed');
INSERT INTO F21_S001_22_APPOINTMENT
(APPT_ID, DATETIME, PATIENT_ID, EMP_ID, STATUS)
VALUES('appt170', TIMESTAMP '2021-11-13 00:00:00.000000', 'pat5013', 'emp1010', 'complete');
INSERT INTO F21_S001_22_APPOINTMENT
(APPT_ID, DATETIME, PATIENT_ID, EMP_ID, STATUS)
VALUES('appt171', TIMESTAMP '2021-08-09 00:00:00.000000', 'pat5007', 'emp1003', 'scheduled');
INSERT INTO F21_S001_22_APPOINTMENT
(APPT_ID, DATETIME, PATIENT_ID, EMP_ID, STATUS)
VALUES('appt172', TIMESTAMP '2021-10-18 00:00:00.000000', 'pat5040', 'emp1030', 'confirmed');
INSERT INTO F21_S001_22_APPOINTMENT
(APPT_ID, DATETIME, PATIENT_ID, EMP_ID, STATUS)
VALUES('appt173', TIMESTAMP '2021-08-04 00:00:00.000000', 'pat5038', 'emp1001', 'confirmed');
INSERT INTO F21_S001_22_APPOINTMENT
(APPT_ID, DATETIME, PATIENT_ID, EMP_ID, STATUS)
VALUES('appt174', TIMESTAMP '2021-10-23 00:00:00.000000', 'pat5048', 'emp1016', 'confirmed');
INSERT INTO F21_S001_22_APPOINTMENT
(APPT_ID, DATETIME, PATIENT_ID, EMP_ID, STATUS)
VALUES('appt175', TIMESTAMP '2021-05-04 00:00:00.000000', 'pat5013', 'emp1026', 'noshow');
INSERT INTO F21_S001_22_APPOINTMENT
(APPT_ID, DATETIME, PATIENT_ID, EMP_ID, STATUS)
VALUES('appt176', TIMESTAMP '2021-04-30 00:00:00.000000', 'pat5038', 'emp1021', 'confirmed');
INSERT INTO F21_S001_22_APPOINTMENT
(APPT_ID, DATETIME, PATIENT_ID, EMP_ID, STATUS)
VALUES('appt177', TIMESTAMP '2021-09-04 00:00:00.000000', 'pat5018', 'emp1008', 'complete');
INSERT INTO F21_S001_22_APPOINTMENT
(APPT_ID, DATETIME, PATIENT_ID, EMP_ID, STATUS)
VALUES('appt178', TIMESTAMP '2021-04-03 00:00:00.000000', 'pat5010', 'emp1016', 'complete');
INSERT INTO F21_S001_22_APPOINTMENT
(APPT_ID, DATETIME, PATIENT_ID, EMP_ID, STATUS)
VALUES('appt179', TIMESTAMP '2021-04-27 00:00:00.000000', 'pat5047', 'emp1013', 'noshow');
INSERT INTO F21_S001_22_APPOINTMENT
(APPT_ID, DATETIME, PATIENT_ID, EMP_ID, STATUS)
VALUES('appt180', TIMESTAMP '2021-03-15 00:00:00.000000', 'pat5022', 'emp1015', 'scheduled');
INSERT INTO F21_S001_22_APPOINTMENT
(APPT_ID, DATETIME, PATIENT_ID, EMP_ID, STATUS)
VALUES('appt181', TIMESTAMP '2021-05-11 00:00:00.000000', 'pat5042', 'emp1015', 'noshow');
INSERT INTO F21_S001_22_APPOINTMENT
(APPT_ID, DATETIME, PATIENT_ID, EMP_ID, STATUS)
VALUES('appt182', TIMESTAMP '2021-05-30 00:00:00.000000', 'pat5016', 'emp1018', 'canceled');
INSERT INTO F21_S001_22_APPOINTMENT
(APPT_ID, DATETIME, PATIENT_ID, EMP_ID, STATUS)
VALUES('appt183', TIMESTAMP '2021-03-14 00:00:00.000000', 'pat5035', 'emp1026', 'noshow');
INSERT INTO F21_S001_22_APPOINTMENT
(APPT_ID, DATETIME, PATIENT_ID, EMP_ID, STATUS)
VALUES('appt184', TIMESTAMP '2021-05-14 00:00:00.000000', 'pat5028', 'emp1023', 'complete');
INSERT INTO F21_S001_22_APPOINTMENT
(APPT_ID, DATETIME, PATIENT_ID, EMP_ID, STATUS)
VALUES('appt185', TIMESTAMP '2021-01-18 00:00:00.000000', 'pat5024', 'emp1021', 'confirmed');
INSERT INTO F21_S001_22_APPOINTMENT
(APPT_ID, DATETIME, PATIENT_ID, EMP_ID, STATUS)
VALUES('appt186', TIMESTAMP '2021-09-19 00:00:00.000000', 'pat5027', 'emp1023', 'confirmed');
INSERT INTO F21_S001_22_APPOINTMENT
(APPT_ID, DATETIME, PATIENT_ID, EMP_ID, STATUS)
VALUES('appt187', TIMESTAMP '2021-06-05 00:00:00.000000', 'pat5042', 'emp1016', 'scheduled');
INSERT INTO F21_S001_22_APPOINTMENT
(APPT_ID, DATETIME, PATIENT_ID, EMP_ID, STATUS)
VALUES('appt188', TIMESTAMP '2021-09-21 00:00:00.000000', 'pat5034', 'emp1031', 'canceled');
INSERT INTO F21_S001_22_APPOINTMENT
(APPT_ID, DATETIME, PATIENT_ID, EMP_ID, STATUS)
VALUES('appt189', TIMESTAMP '2021-07-11 00:00:00.000000', 'pat5050', 'emp1005', 'scheduled');
INSERT INTO F21_S001_22_APPOINTMENT
(APPT_ID, DATETIME, PATIENT_ID, EMP_ID, STATUS)
VALUES('appt190', TIMESTAMP '2021-04-26 00:00:00.000000', 'pat5022', 'emp1006', 'noshow');
INSERT INTO F21_S001_22_APPOINTMENT
(APPT_ID, DATETIME, PATIENT_ID, EMP_ID, STATUS)
VALUES('appt191', TIMESTAMP '2021-10-25 00:00:00.000000', 'pat5030', 'emp1026', 'scheduled');
INSERT INTO F21_S001_22_APPOINTMENT
(APPT_ID, DATETIME, PATIENT_ID, EMP_ID, STATUS)
VALUES('appt192', TIMESTAMP '2021-03-08 00:00:00.000000', 'pat5012', 'emp1028', 'complete');
INSERT INTO F21_S001_22_APPOINTMENT
(APPT_ID, DATETIME, PATIENT_ID, EMP_ID, STATUS)
VALUES('appt193', TIMESTAMP '2021-06-01 00:00:00.000000', 'pat5047', 'emp1020', 'noshow');
INSERT INTO F21_S001_22_APPOINTMENT
(APPT_ID, DATETIME, PATIENT_ID, EMP_ID, STATUS)
VALUES('appt194', TIMESTAMP '2021-01-07 00:00:00.000000', 'pat5043', 'emp1025', 'scheduled');
INSERT INTO F21_S001_22_APPOINTMENT
(APPT_ID, DATETIME, PATIENT_ID, EMP_ID, STATUS)
VALUES('appt195', TIMESTAMP '2021-09-03 00:00:00.000000', 'pat5009', 'emp1026', 'confirmed');
INSERT INTO F21_S001_22_APPOINTMENT
(APPT_ID, DATETIME, PATIENT_ID, EMP_ID, STATUS)
VALUES('appt196', TIMESTAMP '2021-10-16 00:00:00.000000', 'pat5026', 'emp1015', 'canceled');
INSERT INTO F21_S001_22_APPOINTMENT
(APPT_ID, DATETIME, PATIENT_ID, EMP_ID, STATUS)
VALUES('appt197', TIMESTAMP '2021-07-03 00:00:00.000000', 'pat5047', 'emp1031', 'noshow');
INSERT INTO F21_S001_22_APPOINTMENT
(APPT_ID, DATETIME, PATIENT_ID, EMP_ID, STATUS)
VALUES('appt198', TIMESTAMP '2021-10-04 00:00:00.000000', 'pat5020', 'emp1030', 'scheduled');
INSERT INTO F21_S001_22_APPOINTMENT
(APPT_ID, DATETIME, PATIENT_ID, EMP_ID, STATUS)
VALUES('appt199', TIMESTAMP '2021-07-17 00:00:00.000000', 'pat5004', 'emp1018', 'canceled');
INSERT INTO F21_S001_22_APPOINTMENT
(APPT_ID, DATETIME, PATIENT_ID, EMP_ID, STATUS)
VALUES('appt200', TIMESTAMP '2021-07-25 00:00:00.000000', 'pat5014', 'emp1023', 'scheduled');
INSERT INTO F21_S001_22_APPOINTMENT
(APPT_ID, DATETIME, PATIENT_ID, EMP_ID, STATUS)
VALUES('appt201', TIMESTAMP '2021-03-21 00:00:00.000000', 'pat5038', 'emp1010', 'confirmed');
INSERT INTO F21_S001_22_APPOINTMENT
(APPT_ID, DATETIME, PATIENT_ID, EMP_ID, STATUS)
VALUES('appt202', TIMESTAMP '2021-09-28 00:00:00.000000', 'pat5022', 'emp1015', 'complete');
INSERT INTO F21_S001_22_APPOINTMENT
(APPT_ID, DATETIME, PATIENT_ID, EMP_ID, STATUS)
VALUES('appt203', TIMESTAMP '2021-01-26 00:00:00.000000', 'pat5011', 'emp1010', 'scheduled');
INSERT INTO F21_S001_22_APPOINTMENT
(APPT_ID, DATETIME, PATIENT_ID, EMP_ID, STATUS)
VALUES('appt204', TIMESTAMP '2021-05-24 00:00:00.000000', 'pat5007', 'emp1023', 'confirmed');
INSERT INTO F21_S001_22_APPOINTMENT
(APPT_ID, DATETIME, PATIENT_ID, EMP_ID, STATUS)
VALUES('appt205', TIMESTAMP '2021-09-27 00:00:00.000000', 'pat5004', 'emp1026', 'canceled');
INSERT INTO F21_S001_22_APPOINTMENT
(APPT_ID, DATETIME, PATIENT_ID, EMP_ID, STATUS)
VALUES('appt206', TIMESTAMP '2021-04-30 00:00:00.000000', 'pat5047', 'emp1021', 'complete');
INSERT INTO F21_S001_22_APPOINTMENT
(APPT_ID, DATETIME, PATIENT_ID, EMP_ID, STATUS)
VALUES('appt207', TIMESTAMP '2021-11-14 00:00:00.000000', 'pat5039', 'emp1031', 'scheduled');
INSERT INTO F21_S001_22_APPOINTMENT
(APPT_ID, DATETIME, PATIENT_ID, EMP_ID, STATUS)
VALUES('appt208', TIMESTAMP '2021-07-27 00:00:00.000000', 'pat5050', 'emp1003', 'canceled');
INSERT INTO F21_S001_22_APPOINTMENT
(APPT_ID, DATETIME, PATIENT_ID, EMP_ID, STATUS)
VALUES('appt209', TIMESTAMP '2021-07-12 00:00:00.000000', 'pat5050', 'emp1005', 'confirmed');
INSERT INTO F21_S001_22_APPOINTMENT
(APPT_ID, DATETIME, PATIENT_ID, EMP_ID, STATUS)
VALUES('appt210', TIMESTAMP '2021-11-09 00:00:00.000000', 'pat5004', 'emp1006', 'confirmed');
INSERT INTO F21_S001_22_APPOINTMENT
(APPT_ID, DATETIME, PATIENT_ID, EMP_ID, STATUS)
VALUES('appt211', TIMESTAMP '2021-10-24 00:00:00.000000', 'pat5023', 'emp1008', 'complete');
INSERT INTO F21_S001_22_APPOINTMENT
(APPT_ID, DATETIME, PATIENT_ID, EMP_ID, STATUS)
VALUES('appt212', TIMESTAMP '2021-06-09 00:00:00.000000', 'pat5046', 'emp1035', 'confirmed');
INSERT INTO F21_S001_22_APPOINTMENT
(APPT_ID, DATETIME, PATIENT_ID, EMP_ID, STATUS)
VALUES('appt213', TIMESTAMP '2021-01-14 00:00:00.000000', 'pat5022', 'emp1035', 'scheduled');
INSERT INTO F21_S001_22_APPOINTMENT
(APPT_ID, DATETIME, PATIENT_ID, EMP_ID, STATUS)
VALUES('appt214', TIMESTAMP '2021-09-09 00:00:00.000000', 'pat5013', 'emp1006', 'confirmed');
INSERT INTO F21_S001_22_APPOINTMENT
(APPT_ID, DATETIME, PATIENT_ID, EMP_ID, STATUS)
VALUES('appt215', TIMESTAMP '2021-08-14 00:00:00.000000', 'pat5001', 'emp1033', 'canceled');
INSERT INTO F21_S001_22_APPOINTMENT
(APPT_ID, DATETIME, PATIENT_ID, EMP_ID, STATUS)
VALUES('appt216', TIMESTAMP '2021-05-05 00:00:00.000000', 'pat5005', 'emp1018', 'complete');
INSERT INTO F21_S001_22_APPOINTMENT
(APPT_ID, DATETIME, PATIENT_ID, EMP_ID, STATUS)
VALUES('appt217', TIMESTAMP '2021-01-14 00:00:00.000000', 'pat5027', 'emp1001', 'noshow');
INSERT INTO F21_S001_22_APPOINTMENT
(APPT_ID, DATETIME, PATIENT_ID, EMP_ID, STATUS)
VALUES('appt218', TIMESTAMP '2021-07-31 00:00:00.000000', 'pat5020', 'emp1018', 'scheduled');
INSERT INTO F21_S001_22_APPOINTMENT
(APPT_ID, DATETIME, PATIENT_ID, EMP_ID, STATUS)
VALUES('appt219', TIMESTAMP '2021-03-06 00:00:00.000000', 'pat5024', 'emp1006', 'scheduled');
INSERT INTO F21_S001_22_APPOINTMENT
(APPT_ID, DATETIME, PATIENT_ID, EMP_ID, STATUS)
VALUES('appt220', TIMESTAMP '2021-08-10 00:00:00.000000', 'pat5039', 'emp1010', 'noshow');
INSERT INTO F21_S001_22_APPOINTMENT
(APPT_ID, DATETIME, PATIENT_ID, EMP_ID, STATUS)
VALUES('appt221', TIMESTAMP '2021-08-03 00:00:00.000000', 'pat5050', 'emp1025', 'scheduled');
INSERT INTO F21_S001_22_APPOINTMENT
(APPT_ID, DATETIME, PATIENT_ID, EMP_ID, STATUS)
VALUES('appt222', TIMESTAMP '2021-10-09 00:00:00.000000', 'pat5016', 'emp1001', 'complete');
INSERT INTO F21_S001_22_APPOINTMENT
(APPT_ID, DATETIME, PATIENT_ID, EMP_ID, STATUS)
VALUES('appt223', TIMESTAMP '2021-11-03 00:00:00.000000', 'pat5024', 'emp1035', 'scheduled');
INSERT INTO F21_S001_22_APPOINTMENT
(APPT_ID, DATETIME, PATIENT_ID, EMP_ID, STATUS)
VALUES('appt224', TIMESTAMP '2021-10-17 00:00:00.000000', 'pat5045', 'emp1026', 'complete');
INSERT INTO F21_S001_22_APPOINTMENT
(APPT_ID, DATETIME, PATIENT_ID, EMP_ID, STATUS)
VALUES('appt225', TIMESTAMP '2021-03-17 00:00:00.000000', 'pat5017', 'emp1005', 'complete');
INSERT INTO F21_S001_22_APPOINTMENT
(APPT_ID, DATETIME, PATIENT_ID, EMP_ID, STATUS)
VALUES('appt226', TIMESTAMP '2021-01-10 00:00:00.000000', 'pat5010', 'emp1020', 'noshow');
INSERT INTO F21_S001_22_APPOINTMENT
(APPT_ID, DATETIME, PATIENT_ID, EMP_ID, STATUS)
VALUES('appt227', TIMESTAMP '2021-03-26 00:00:00.000000', 'pat5034', 'emp1001', 'canceled');
INSERT INTO F21_S001_22_APPOINTMENT
(APPT_ID, DATETIME, PATIENT_ID, EMP_ID, STATUS)
VALUES('appt228', TIMESTAMP '2021-03-15 00:00:00.000000', 'pat5026', 'emp1020', 'scheduled');
INSERT INTO F21_S001_22_APPOINTMENT
(APPT_ID, DATETIME, PATIENT_ID, EMP_ID, STATUS)
VALUES('appt229', TIMESTAMP '2021-10-18 00:00:00.000000', 'pat5008', 'emp1023', 'complete');
INSERT INTO F21_S001_22_APPOINTMENT
(APPT_ID, DATETIME, PATIENT_ID, EMP_ID, STATUS)
VALUES('appt230', TIMESTAMP '2021-08-04 00:00:00.000000', 'pat5001', 'emp1013', 'confirmed');
INSERT INTO F21_S001_22_APPOINTMENT
(APPT_ID, DATETIME, PATIENT_ID, EMP_ID, STATUS)
VALUES('appt231', TIMESTAMP '2021-09-16 00:00:00.000000', 'pat5001', 'emp1033', 'confirmed');
INSERT INTO F21_S001_22_APPOINTMENT
(APPT_ID, DATETIME, PATIENT_ID, EMP_ID, STATUS)
VALUES('appt232', TIMESTAMP '2021-11-10 00:00:00.000000', 'pat5045', 'emp1023', 'complete');
INSERT INTO F21_S001_22_APPOINTMENT
(APPT_ID, DATETIME, PATIENT_ID, EMP_ID, STATUS)
VALUES('appt233', TIMESTAMP '2021-01-31 00:00:00.000000', 'pat5044', 'emp1030', 'scheduled');
INSERT INTO F21_S001_22_APPOINTMENT
(APPT_ID, DATETIME, PATIENT_ID, EMP_ID, STATUS)
VALUES('appt234', TIMESTAMP '2021-03-08 00:00:00.000000', 'pat5035', 'emp1016', 'scheduled');
INSERT INTO F21_S001_22_APPOINTMENT
(APPT_ID, DATETIME, PATIENT_ID, EMP_ID, STATUS)
VALUES('appt235', TIMESTAMP '2021-03-09 00:00:00.000000', 'pat5010', 'emp1005', 'canceled');
INSERT INTO F21_S001_22_APPOINTMENT
(APPT_ID, DATETIME, PATIENT_ID, EMP_ID, STATUS)
VALUES('appt236', TIMESTAMP '2021-05-07 00:00:00.000000', 'pat5007', 'emp1018', 'confirmed');
INSERT INTO F21_S001_22_APPOINTMENT
(APPT_ID, DATETIME, PATIENT_ID, EMP_ID, STATUS)
VALUES('appt237', TIMESTAMP '2021-05-18 00:00:00.000000', 'pat5019', 'emp1016', 'canceled');
INSERT INTO F21_S001_22_APPOINTMENT
(APPT_ID, DATETIME, PATIENT_ID, EMP_ID, STATUS)
VALUES('appt238', TIMESTAMP '2021-08-10 00:00:00.000000', 'pat5023', 'emp1013', 'confirmed');
INSERT INTO F21_S001_22_APPOINTMENT
(APPT_ID, DATETIME, PATIENT_ID, EMP_ID, STATUS)
VALUES('appt239', TIMESTAMP '2021-09-03 00:00:00.000000', 'pat5032', 'emp1006', 'complete');
INSERT INTO F21_S001_22_APPOINTMENT
(APPT_ID, DATETIME, PATIENT_ID, EMP_ID, STATUS)
VALUES('appt240', TIMESTAMP '2021-09-16 00:00:00.000000', 'pat5025', 'emp1031', 'scheduled');
INSERT INTO F21_S001_22_APPOINTMENT
(APPT_ID, DATETIME, PATIENT_ID, EMP_ID, STATUS)
VALUES('appt241', TIMESTAMP '2021-07-08 00:00:00.000000', 'pat5020', 'emp1003', 'complete');
INSERT INTO F21_S001_22_APPOINTMENT
(APPT_ID, DATETIME, PATIENT_ID, EMP_ID, STATUS)
VALUES('appt242', TIMESTAMP '2021-10-03 00:00:00.000000', 'pat5019', 'emp1011', 'complete');
INSERT INTO F21_S001_22_APPOINTMENT
(APPT_ID, DATETIME, PATIENT_ID, EMP_ID, STATUS)
VALUES('appt243', TIMESTAMP '2021-03-11 00:00:00.000000', 'pat5018', 'emp1013', 'complete');
INSERT INTO F21_S001_22_APPOINTMENT
(APPT_ID, DATETIME, PATIENT_ID, EMP_ID, STATUS)
VALUES('appt244', TIMESTAMP '2021-10-30 00:00:00.000000', 'pat5036', 'emp1008', 'scheduled');
INSERT INTO F21_S001_22_APPOINTMENT
(APPT_ID, DATETIME, PATIENT_ID, EMP_ID, STATUS)
VALUES('appt245', TIMESTAMP '2021-02-26 00:00:00.000000', 'pat5017', 'emp1016', 'confirmed');
INSERT INTO F21_S001_22_APPOINTMENT
(APPT_ID, DATETIME, PATIENT_ID, EMP_ID, STATUS)
VALUES('appt246', TIMESTAMP '2021-03-08 00:00:00.000000', 'pat5021', 'emp1018', 'confirmed');
INSERT INTO F21_S001_22_APPOINTMENT
(APPT_ID, DATETIME, PATIENT_ID, EMP_ID, STATUS)
VALUES('appt247', TIMESTAMP '2021-07-29 00:00:00.000000', 'pat5034', 'emp1023', 'canceled');
INSERT INTO F21_S001_22_APPOINTMENT
(APPT_ID, DATETIME, PATIENT_ID, EMP_ID, STATUS)
VALUES('appt248', TIMESTAMP '2021-03-02 00:00:00.000000', 'pat5002', 'emp1031', 'confirmed');
INSERT INTO F21_S001_22_APPOINTMENT
(APPT_ID, DATETIME, PATIENT_ID, EMP_ID, STATUS)
VALUES('appt249', TIMESTAMP '2021-08-08 00:00:00.000000', 'pat5040', 'emp1008', 'complete');
INSERT INTO F21_S001_22_APPOINTMENT
(APPT_ID, DATETIME, PATIENT_ID, EMP_ID, STATUS)
VALUES('appt250', TIMESTAMP '2021-10-03 00:00:00.000000', 'pat5046', 'emp1030', 'confirmed');
INSERT INTO F21_S001_22_APPOINTMENT
(APPT_ID, DATETIME, PATIENT_ID, EMP_ID, STATUS)
VALUES('appt251', TIMESTAMP '2021-04-21 00:00:00.000000', 'pat5050', 'emp1005', 'canceled');
INSERT INTO F21_S001_22_APPOINTMENT
(APPT_ID, DATETIME, PATIENT_ID, EMP_ID, STATUS)
VALUES('appt252', TIMESTAMP '2021-09-02 00:00:00.000000', 'pat5042', 'emp1006', 'confirmed');
INSERT INTO F21_S001_22_APPOINTMENT
(APPT_ID, DATETIME, PATIENT_ID, EMP_ID, STATUS)
VALUES('appt253', TIMESTAMP '2021-09-06 00:00:00.000000', 'pat5003', 'emp1028', 'noshow');
INSERT INTO F21_S001_22_APPOINTMENT
(APPT_ID, DATETIME, PATIENT_ID, EMP_ID, STATUS)
VALUES('appt254', TIMESTAMP '2021-07-21 00:00:00.000000', 'pat5043', 'emp1015', 'canceled');
INSERT INTO F21_S001_22_APPOINTMENT
(APPT_ID, DATETIME, PATIENT_ID, EMP_ID, STATUS)
VALUES('appt255', TIMESTAMP '2021-10-08 00:00:00.000000', 'pat5040', 'emp1023', 'confirmed');
INSERT INTO F21_S001_22_APPOINTMENT
(APPT_ID, DATETIME, PATIENT_ID, EMP_ID, STATUS)
VALUES('appt256', TIMESTAMP '2021-08-02 00:00:00.000000', 'pat5021', 'emp1015', 'canceled');
INSERT INTO F21_S001_22_APPOINTMENT
(APPT_ID, DATETIME, PATIENT_ID, EMP_ID, STATUS)
VALUES('appt257', TIMESTAMP '2021-06-20 00:00:00.000000', 'pat5005', 'emp1008', 'complete');
INSERT INTO F21_S001_22_APPOINTMENT
(APPT_ID, DATETIME, PATIENT_ID, EMP_ID, STATUS)
VALUES('appt258', TIMESTAMP '2021-02-18 00:00:00.000000', 'pat5023', 'emp1010', 'complete');
INSERT INTO F21_S001_22_APPOINTMENT
(APPT_ID, DATETIME, PATIENT_ID, EMP_ID, STATUS)
VALUES('appt259', TIMESTAMP '2021-09-03 00:00:00.000000', 'pat5022', 'emp1001', 'confirmed');
INSERT INTO F21_S001_22_APPOINTMENT
(APPT_ID, DATETIME, PATIENT_ID, EMP_ID, STATUS)
VALUES('appt260', TIMESTAMP '2021-08-19 00:00:00.000000', 'pat5019', 'emp1010', 'complete');
INSERT INTO F21_S001_22_APPOINTMENT
(APPT_ID, DATETIME, PATIENT_ID, EMP_ID, STATUS)
VALUES('appt261', TIMESTAMP '2021-04-26 00:00:00.000000', 'pat5005', 'emp1033', 'complete');
INSERT INTO F21_S001_22_APPOINTMENT
(APPT_ID, DATETIME, PATIENT_ID, EMP_ID, STATUS)
VALUES('appt262', TIMESTAMP '2021-05-19 00:00:00.000000', 'pat5027', 'emp1021', 'canceled');
INSERT INTO F21_S001_22_APPOINTMENT
(APPT_ID, DATETIME, PATIENT_ID, EMP_ID, STATUS)
VALUES('appt263', TIMESTAMP '2021-05-11 00:00:00.000000', 'pat5009', 'emp1030', 'complete');
INSERT INTO F21_S001_22_APPOINTMENT
(APPT_ID, DATETIME, PATIENT_ID, EMP_ID, STATUS)
VALUES('appt264', TIMESTAMP '2021-01-11 00:00:00.000000', 'pat5017', 'emp1026', 'scheduled');
INSERT INTO F21_S001_22_APPOINTMENT
(APPT_ID, DATETIME, PATIENT_ID, EMP_ID, STATUS)
VALUES('appt265', TIMESTAMP '2021-05-26 00:00:00.000000', 'pat5046', 'emp1015', 'confirmed');
INSERT INTO F21_S001_22_APPOINTMENT
(APPT_ID, DATETIME, PATIENT_ID, EMP_ID, STATUS)
VALUES('appt266', TIMESTAMP '2021-01-09 00:00:00.000000', 'pat5046', 'emp1031', 'canceled');
INSERT INTO F21_S001_22_APPOINTMENT
(APPT_ID, DATETIME, PATIENT_ID, EMP_ID, STATUS)
VALUES('appt267', TIMESTAMP '2021-05-05 00:00:00.000000', 'pat5041', 'emp1013', 'canceled');
INSERT INTO F21_S001_22_APPOINTMENT
(APPT_ID, DATETIME, PATIENT_ID, EMP_ID, STATUS)
VALUES('appt268', TIMESTAMP '2021-05-09 00:00:00.000000', 'pat5020', 'emp1021', 'scheduled');
INSERT INTO F21_S001_22_APPOINTMENT
(APPT_ID, DATETIME, PATIENT_ID, EMP_ID, STATUS)
VALUES('appt269', TIMESTAMP '2021-01-18 00:00:00.000000', 'pat5001', 'emp1015', 'confirmed');
INSERT INTO F21_S001_22_APPOINTMENT
(APPT_ID, DATETIME, PATIENT_ID, EMP_ID, STATUS)
VALUES('appt270', TIMESTAMP '2021-05-23 00:00:00.000000', 'pat5038', 'emp1033', 'noshow');
INSERT INTO F21_S001_22_APPOINTMENT
(APPT_ID, DATETIME, PATIENT_ID, EMP_ID, STATUS)
VALUES('appt271', TIMESTAMP '2021-06-04 00:00:00.000000', 'pat5004', 'emp1033', 'noshow');
INSERT INTO F21_S001_22_APPOINTMENT
(APPT_ID, DATETIME, PATIENT_ID, EMP_ID, STATUS)
VALUES('appt272', TIMESTAMP '2021-06-10 00:00:00.000000', 'pat5044', 'emp1033', 'noshow');
INSERT INTO F21_S001_22_APPOINTMENT
(APPT_ID, DATETIME, PATIENT_ID, EMP_ID, STATUS)
VALUES('appt273', TIMESTAMP '2021-01-04 00:00:00.000000', 'pat5021', 'emp1008', 'canceled');
INSERT INTO F21_S001_22_APPOINTMENT
(APPT_ID, DATETIME, PATIENT_ID, EMP_ID, STATUS)
VALUES('appt274', TIMESTAMP '2021-06-10 00:00:00.000000', 'pat5020', 'emp1018', 'complete');
INSERT INTO F21_S001_22_APPOINTMENT
(APPT_ID, DATETIME, PATIENT_ID, EMP_ID, STATUS)
VALUES('appt275', TIMESTAMP '2021-04-26 00:00:00.000000', 'pat5026', 'emp1016', 'noshow');
INSERT INTO F21_S001_22_APPOINTMENT
(APPT_ID, DATETIME, PATIENT_ID, EMP_ID, STATUS)
VALUES('appt276', TIMESTAMP '2021-04-09 00:00:00.000000', 'pat5040', 'emp1010', 'canceled');
INSERT INTO F21_S001_22_APPOINTMENT
(APPT_ID, DATETIME, PATIENT_ID, EMP_ID, STATUS)
VALUES('appt277', TIMESTAMP '2021-09-13 00:00:00.000000', 'pat5030', 'emp1023', 'canceled');
INSERT INTO F21_S001_22_APPOINTMENT
(APPT_ID, DATETIME, PATIENT_ID, EMP_ID, STATUS)
VALUES('appt278', TIMESTAMP '2021-08-26 00:00:00.000000', 'pat5001', 'emp1015', 'canceled');
INSERT INTO F21_S001_22_APPOINTMENT
(APPT_ID, DATETIME, PATIENT_ID, EMP_ID, STATUS)
VALUES('appt279', TIMESTAMP '2021-08-17 00:00:00.000000', 'pat5004', 'emp1015', 'confirmed');
INSERT INTO F21_S001_22_APPOINTMENT
(APPT_ID, DATETIME, PATIENT_ID, EMP_ID, STATUS)
VALUES('appt280', TIMESTAMP '2021-06-07 00:00:00.000000', 'pat5034', 'emp1016', 'confirmed');
INSERT INTO F21_S001_22_APPOINTMENT
(APPT_ID, DATETIME, PATIENT_ID, EMP_ID, STATUS)
VALUES('appt281', TIMESTAMP '2021-08-22 00:00:00.000000', 'pat5044', 'emp1010', 'confirmed');
INSERT INTO F21_S001_22_APPOINTMENT
(APPT_ID, DATETIME, PATIENT_ID, EMP_ID, STATUS)
VALUES('appt282', TIMESTAMP '2021-11-05 00:00:00.000000', 'pat5037', 'emp1028', 'confirmed');
INSERT INTO F21_S001_22_APPOINTMENT
(APPT_ID, DATETIME, PATIENT_ID, EMP_ID, STATUS)
VALUES('appt283', TIMESTAMP '2021-02-10 00:00:00.000000', 'pat5048', 'emp1016', 'confirmed');
INSERT INTO F21_S001_22_APPOINTMENT
(APPT_ID, DATETIME, PATIENT_ID, EMP_ID, STATUS)
VALUES('appt284', TIMESTAMP '2021-08-26 00:00:00.000000', 'pat5011', 'emp1018', 'confirmed');
INSERT INTO F21_S001_22_APPOINTMENT
(APPT_ID, DATETIME, PATIENT_ID, EMP_ID, STATUS)
VALUES('appt285', TIMESTAMP '2021-07-26 00:00:00.000000', 'pat5046', 'emp1018', 'complete');
INSERT INTO F21_S001_22_APPOINTMENT
(APPT_ID, DATETIME, PATIENT_ID, EMP_ID, STATUS)
VALUES('appt286', TIMESTAMP '2021-03-29 00:00:00.000000', 'pat5030', 'emp1006', 'canceled');
INSERT INTO F21_S001_22_APPOINTMENT
(APPT_ID, DATETIME, PATIENT_ID, EMP_ID, STATUS)
VALUES('appt287', TIMESTAMP '2021-04-03 00:00:00.000000', 'pat5022', 'emp1035', 'confirmed');
INSERT INTO F21_S001_22_APPOINTMENT
(APPT_ID, DATETIME, PATIENT_ID, EMP_ID, STATUS)
VALUES('appt288', TIMESTAMP '2021-04-27 00:00:00.000000', 'pat5022', 'emp1026', 'scheduled');
INSERT INTO F21_S001_22_APPOINTMENT
(APPT_ID, DATETIME, PATIENT_ID, EMP_ID, STATUS)
VALUES('appt289', TIMESTAMP '2021-08-09 00:00:00.000000', 'pat5026', 'emp1031', 'complete');
INSERT INTO F21_S001_22_APPOINTMENT
(APPT_ID, DATETIME, PATIENT_ID, EMP_ID, STATUS)
VALUES('appt290', TIMESTAMP '2021-01-14 00:00:00.000000', 'pat5015', 'emp1015', 'confirmed');
INSERT INTO F21_S001_22_APPOINTMENT
(APPT_ID, DATETIME, PATIENT_ID, EMP_ID, STATUS)
VALUES('appt291', TIMESTAMP '2021-11-02 00:00:00.000000', 'pat5047', 'emp1018', 'complete');
INSERT INTO F21_S001_22_APPOINTMENT
(APPT_ID, DATETIME, PATIENT_ID, EMP_ID, STATUS)
VALUES('appt292', TIMESTAMP '2021-03-25 00:00:00.000000', 'pat5041', 'emp1008', 'confirmed');
INSERT INTO F21_S001_22_APPOINTMENT
(APPT_ID, DATETIME, PATIENT_ID, EMP_ID, STATUS)
VALUES('appt293', TIMESTAMP '2021-02-09 00:00:00.000000', 'pat5019', 'emp1006', 'noshow');
INSERT INTO F21_S001_22_APPOINTMENT
(APPT_ID, DATETIME, PATIENT_ID, EMP_ID, STATUS)
VALUES('appt294', TIMESTAMP '2021-08-31 00:00:00.000000', 'pat5009', 'emp1003', 'confirmed');
INSERT INTO F21_S001_22_APPOINTMENT
(APPT_ID, DATETIME, PATIENT_ID, EMP_ID, STATUS)
VALUES('appt295', TIMESTAMP '2021-01-19 00:00:00.000000', 'pat5036', 'emp1035', 'canceled');
INSERT INTO F21_S001_22_APPOINTMENT
(APPT_ID, DATETIME, PATIENT_ID, EMP_ID, STATUS)
VALUES('appt296', TIMESTAMP '2021-11-15 00:00:00.000000', 'pat5021', 'emp1033', 'complete');
INSERT INTO F21_S001_22_APPOINTMENT
(APPT_ID, DATETIME, PATIENT_ID, EMP_ID, STATUS)
VALUES('appt297', TIMESTAMP '2021-10-21 00:00:00.000000', 'pat5022', 'emp1013', 'noshow');
INSERT INTO F21_S001_22_APPOINTMENT
(APPT_ID, DATETIME, PATIENT_ID, EMP_ID, STATUS)
VALUES('appt298', TIMESTAMP '2021-08-27 00:00:00.000000', 'pat5045', 'emp1015', 'canceled');
INSERT INTO F21_S001_22_APPOINTMENT
(APPT_ID, DATETIME, PATIENT_ID, EMP_ID, STATUS)
VALUES('appt299', TIMESTAMP '2021-05-01 00:00:00.000000', 'pat5013', 'emp1025', 'noshow');
INSERT INTO F21_S001_22_APPOINTMENT
(APPT_ID, DATETIME, PATIENT_ID, EMP_ID, STATUS)
VALUES('appt300', TIMESTAMP '2021-09-01 00:00:00.000000', 'pat5013', 'emp1030', 'confirmed');
INSERT INTO F21_S001_22_APPOINTMENT
(APPT_ID, DATETIME, PATIENT_ID, EMP_ID, STATUS)
VALUES('appt301', TIMESTAMP '2021-03-20 00:00:00.000000', 'pat5029', 'emp1031', 'complete');
INSERT INTO F21_S001_22_APPOINTMENT
(APPT_ID, DATETIME, PATIENT_ID, EMP_ID, STATUS)
VALUES('appt302', TIMESTAMP '2021-01-26 00:00:00.000000', 'pat5034', 'emp1015', 'scheduled');
INSERT INTO F21_S001_22_APPOINTMENT
(APPT_ID, DATETIME, PATIENT_ID, EMP_ID, STATUS)
VALUES('appt303', TIMESTAMP '2021-02-06 00:00:00.000000', 'pat5037', 'emp1005', 'confirmed');
INSERT INTO F21_S001_22_APPOINTMENT
(APPT_ID, DATETIME, PATIENT_ID, EMP_ID, STATUS)
VALUES('appt304', TIMESTAMP '2021-09-27 00:00:00.000000', 'pat5010', 'emp1023', 'scheduled');
INSERT INTO F21_S001_22_APPOINTMENT
(APPT_ID, DATETIME, PATIENT_ID, EMP_ID, STATUS)
VALUES('appt305', TIMESTAMP '2021-04-20 00:00:00.000000', 'pat5019', 'emp1033', 'noshow');
INSERT INTO F21_S001_22_APPOINTMENT
(APPT_ID, DATETIME, PATIENT_ID, EMP_ID, STATUS)
VALUES('appt306', TIMESTAMP '2021-07-16 00:00:00.000000', 'pat5020', 'emp1035', 'canceled');
INSERT INTO F21_S001_22_APPOINTMENT
(APPT_ID, DATETIME, PATIENT_ID, EMP_ID, STATUS)
VALUES('appt307', TIMESTAMP '2021-10-05 00:00:00.000000', 'pat5022', 'emp1010', 'complete');
INSERT INTO F21_S001_22_APPOINTMENT
(APPT_ID, DATETIME, PATIENT_ID, EMP_ID, STATUS)
VALUES('appt308', TIMESTAMP '2021-04-03 00:00:00.000000', 'pat5005', 'emp1005', 'scheduled');
INSERT INTO F21_S001_22_APPOINTMENT
(APPT_ID, DATETIME, PATIENT_ID, EMP_ID, STATUS)
VALUES('appt309', TIMESTAMP '2021-08-25 00:00:00.000000', 'pat5039', 'emp1028', 'complete');
INSERT INTO F21_S001_22_APPOINTMENT
(APPT_ID, DATETIME, PATIENT_ID, EMP_ID, STATUS)
VALUES('appt310', TIMESTAMP '2021-10-03 00:00:00.000000', 'pat5027', 'emp1015', 'noshow');
INSERT INTO F21_S001_22_APPOINTMENT
(APPT_ID, DATETIME, PATIENT_ID, EMP_ID, STATUS)
VALUES('appt311', TIMESTAMP '2021-10-05 00:00:00.000000', 'pat5034', 'emp1025', 'noshow');
INSERT INTO F21_S001_22_APPOINTMENT
(APPT_ID, DATETIME, PATIENT_ID, EMP_ID, STATUS)
VALUES('appt312', TIMESTAMP '2021-01-07 00:00:00.000000', 'pat5028', 'emp1035', 'confirmed');
INSERT INTO F21_S001_22_APPOINTMENT
(APPT_ID, DATETIME, PATIENT_ID, EMP_ID, STATUS)
VALUES('appt313', TIMESTAMP '2021-02-20 00:00:00.000000', 'pat5040', 'emp1015', 'canceled');
INSERT INTO F21_S001_22_APPOINTMENT
(APPT_ID, DATETIME, PATIENT_ID, EMP_ID, STATUS)
VALUES('appt314', TIMESTAMP '2021-10-01 00:00:00.000000', 'pat5012', 'emp1018', 'canceled');
INSERT INTO F21_S001_22_APPOINTMENT
(APPT_ID, DATETIME, PATIENT_ID, EMP_ID, STATUS)
VALUES('appt315', TIMESTAMP '2021-05-19 00:00:00.000000', 'pat5041', 'emp1020', 'complete');
INSERT INTO F21_S001_22_APPOINTMENT
(APPT_ID, DATETIME, PATIENT_ID, EMP_ID, STATUS)
VALUES('appt316', TIMESTAMP '2021-05-02 00:00:00.000000', 'pat5010', 'emp1030', 'confirmed');
INSERT INTO F21_S001_22_APPOINTMENT
(APPT_ID, DATETIME, PATIENT_ID, EMP_ID, STATUS)
VALUES('appt317', TIMESTAMP '2021-04-14 00:00:00.000000', 'pat5046', 'emp1006', 'scheduled');
INSERT INTO F21_S001_22_APPOINTMENT
(APPT_ID, DATETIME, PATIENT_ID, EMP_ID, STATUS)
VALUES('appt318', TIMESTAMP '2021-11-05 00:00:00.000000', 'pat5006', 'emp1023', 'complete');
INSERT INTO F21_S001_22_APPOINTMENT
(APPT_ID, DATETIME, PATIENT_ID, EMP_ID, STATUS)
VALUES('appt319', TIMESTAMP '2021-10-21 00:00:00.000000', 'pat5030', 'emp1035', 'complete');
INSERT INTO F21_S001_22_APPOINTMENT
(APPT_ID, DATETIME, PATIENT_ID, EMP_ID, STATUS)
VALUES('appt320', TIMESTAMP '2021-10-25 00:00:00.000000', 'pat5018', 'emp1033', 'canceled');
INSERT INTO F21_S001_22_APPOINTMENT
(APPT_ID, DATETIME, PATIENT_ID, EMP_ID, STATUS)
VALUES('appt321', TIMESTAMP '2021-03-12 00:00:00.000000', 'pat5048', 'emp1033', 'confirmed');
INSERT INTO F21_S001_22_APPOINTMENT
(APPT_ID, DATETIME, PATIENT_ID, EMP_ID, STATUS)
VALUES('appt322', TIMESTAMP '2021-01-19 00:00:00.000000', 'pat5042', 'emp1021', 'complete');
INSERT INTO F21_S001_22_APPOINTMENT
(APPT_ID, DATETIME, PATIENT_ID, EMP_ID, STATUS)
VALUES('appt323', TIMESTAMP '2021-09-01 00:00:00.000000', 'pat5010', 'emp1006', 'scheduled');
INSERT INTO F21_S001_22_APPOINTMENT
(APPT_ID, DATETIME, PATIENT_ID, EMP_ID, STATUS)
VALUES('appt324', TIMESTAMP '2021-02-07 00:00:00.000000', 'pat5012', 'emp1016', 'complete');
INSERT INTO F21_S001_22_APPOINTMENT
(APPT_ID, DATETIME, PATIENT_ID, EMP_ID, STATUS)
VALUES('appt325', TIMESTAMP '2021-09-07 00:00:00.000000', 'pat5004', 'emp1010', 'noshow');
INSERT INTO F21_S001_22_APPOINTMENT
(APPT_ID, DATETIME, PATIENT_ID, EMP_ID, STATUS)
VALUES('appt326', TIMESTAMP '2021-09-09 00:00:00.000000', 'pat5042', 'emp1035', 'scheduled');
INSERT INTO F21_S001_22_APPOINTMENT
(APPT_ID, DATETIME, PATIENT_ID, EMP_ID, STATUS)
VALUES('appt327', TIMESTAMP '2021-03-18 00:00:00.000000', 'pat5003', 'emp1018', 'confirmed');
INSERT INTO F21_S001_22_APPOINTMENT
(APPT_ID, DATETIME, PATIENT_ID, EMP_ID, STATUS)
VALUES('appt328', TIMESTAMP '2021-02-05 00:00:00.000000', 'pat5037', 'emp1026', 'complete');
INSERT INTO F21_S001_22_APPOINTMENT
(APPT_ID, DATETIME, PATIENT_ID, EMP_ID, STATUS)
VALUES('appt329', TIMESTAMP '2021-09-14 00:00:00.000000', 'pat5036', 'emp1016', 'canceled');
INSERT INTO F21_S001_22_APPOINTMENT
(APPT_ID, DATETIME, PATIENT_ID, EMP_ID, STATUS)
VALUES('appt330', TIMESTAMP '2021-03-30 00:00:00.000000', 'pat5002', 'emp1011', 'noshow');
INSERT INTO F21_S001_22_APPOINTMENT
(APPT_ID, DATETIME, PATIENT_ID, EMP_ID, STATUS)
VALUES('appt331', TIMESTAMP '2021-07-28 00:00:00.000000', 'pat5040', 'emp1005', 'scheduled');
INSERT INTO F21_S001_22_APPOINTMENT
(APPT_ID, DATETIME, PATIENT_ID, EMP_ID, STATUS)
VALUES('appt332', TIMESTAMP '2021-02-11 00:00:00.000000', 'pat5046', 'emp1016', 'complete');
INSERT INTO F21_S001_22_APPOINTMENT
(APPT_ID, DATETIME, PATIENT_ID, EMP_ID, STATUS)
VALUES('appt333', TIMESTAMP '2021-03-11 00:00:00.000000', 'pat5032', 'emp1031', 'noshow');
INSERT INTO F21_S001_22_APPOINTMENT
(APPT_ID, DATETIME, PATIENT_ID, EMP_ID, STATUS)
VALUES('appt334', TIMESTAMP '2021-04-18 00:00:00.000000', 'pat5033', 'emp1021', 'canceled');
INSERT INTO F21_S001_22_APPOINTMENT
(APPT_ID, DATETIME, PATIENT_ID, EMP_ID, STATUS)
VALUES('appt335', TIMESTAMP '2021-01-08 00:00:00.000000', 'pat5015', 'emp1010', 'confirmed');
INSERT INTO F21_S001_22_APPOINTMENT
(APPT_ID, DATETIME, PATIENT_ID, EMP_ID, STATUS)
VALUES('appt336', TIMESTAMP '2021-06-30 00:00:00.000000', 'pat5038', 'emp1005', 'complete');
INSERT INTO F21_S001_22_APPOINTMENT
(APPT_ID, DATETIME, PATIENT_ID, EMP_ID, STATUS)
VALUES('appt337', TIMESTAMP '2021-02-11 00:00:00.000000', 'pat5019', 'emp1023', 'canceled');
INSERT INTO F21_S001_22_APPOINTMENT
(APPT_ID, DATETIME, PATIENT_ID, EMP_ID, STATUS)
VALUES('appt338', TIMESTAMP '2021-10-15 00:00:00.000000', 'pat5021', 'emp1003', 'canceled');
INSERT INTO F21_S001_22_APPOINTMENT
(APPT_ID, DATETIME, PATIENT_ID, EMP_ID, STATUS)
VALUES('appt339', TIMESTAMP '2021-09-19 00:00:00.000000', 'pat5009', 'emp1028', 'scheduled');
INSERT INTO F21_S001_22_APPOINTMENT
(APPT_ID, DATETIME, PATIENT_ID, EMP_ID, STATUS)
VALUES('appt340', TIMESTAMP '2021-05-12 00:00:00.000000', 'pat5046', 'emp1018', 'confirmed');
INSERT INTO F21_S001_22_APPOINTMENT
(APPT_ID, DATETIME, PATIENT_ID, EMP_ID, STATUS)
VALUES('appt341', TIMESTAMP '2021-02-01 00:00:00.000000', 'pat5049', 'emp1001', 'complete');
INSERT INTO F21_S001_22_APPOINTMENT
(APPT_ID, DATETIME, PATIENT_ID, EMP_ID, STATUS)
VALUES('appt342', TIMESTAMP '2021-01-09 00:00:00.000000', 'pat5012', 'emp1033', 'scheduled');
INSERT INTO F21_S001_22_APPOINTMENT
(APPT_ID, DATETIME, PATIENT_ID, EMP_ID, STATUS)
VALUES('appt343', TIMESTAMP '2021-04-24 00:00:00.000000', 'pat5036', 'emp1015', 'scheduled');
INSERT INTO F21_S001_22_APPOINTMENT
(APPT_ID, DATETIME, PATIENT_ID, EMP_ID, STATUS)
VALUES('appt344', TIMESTAMP '2021-07-29 00:00:00.000000', 'pat5012', 'emp1016', 'confirmed');
INSERT INTO F21_S001_22_APPOINTMENT
(APPT_ID, DATETIME, PATIENT_ID, EMP_ID, STATUS)
VALUES('appt345', TIMESTAMP '2021-04-17 00:00:00.000000', 'pat5004', 'emp1011', 'scheduled');
INSERT INTO F21_S001_22_APPOINTMENT
(APPT_ID, DATETIME, PATIENT_ID, EMP_ID, STATUS)
VALUES('appt346', TIMESTAMP '2021-06-30 00:00:00.000000', 'pat5013', 'emp1008', 'noshow');
INSERT INTO F21_S001_22_APPOINTMENT
(APPT_ID, DATETIME, PATIENT_ID, EMP_ID, STATUS)
VALUES('appt347', TIMESTAMP '2021-04-05 00:00:00.000000', 'pat5042', 'emp1020', 'canceled');
INSERT INTO F21_S001_22_APPOINTMENT
(APPT_ID, DATETIME, PATIENT_ID, EMP_ID, STATUS)
VALUES('appt348', TIMESTAMP '2021-08-21 00:00:00.000000', 'pat5034', 'emp1020', 'noshow');
INSERT INTO F21_S001_22_APPOINTMENT
(APPT_ID, DATETIME, PATIENT_ID, EMP_ID, STATUS)
VALUES('appt349', TIMESTAMP '2021-02-11 00:00:00.000000', 'pat5025', 'emp1028', 'scheduled');
INSERT INTO F21_S001_22_APPOINTMENT
(APPT_ID, DATETIME, PATIENT_ID, EMP_ID, STATUS)
VALUES('appt350', TIMESTAMP '2021-01-16 00:00:00.000000', 'pat5036', 'emp1026', 'scheduled');


-- ---------------------------------------------------------------------------------------------
-- Query to insert data to table F21_S001_22_treatment
-- ---------------------------------------------------------------------------------------------

INSERT INTO F21_S001_22_TREATMENT
(TX_ID, TOOTH, DESCRIPTION, DATETIME, PHASE, TX_TYPE, SURFACE, STATUS, OPERATORY_ID, PATIENT_ID)
VALUES('tx1', 22, 'Plegadis ridgwayi', TIMESTAMP '2009-02-12 00:00:00.000000', 4, 'filling', 'occlusal', 'completed', 'opt612', 'pat5004');
INSERT INTO F21_S001_22_TREATMENT
(TX_ID, TOOTH, DESCRIPTION, DATETIME, PHASE, TX_TYPE, SURFACE, STATUS, OPERATORY_ID, PATIENT_ID)
VALUES('tx2', 2, 'Anastomus oscitans', TIMESTAMP '2014-07-18 00:00:00.000000', 3, 'braces', 'mesial', 'pending-approval', 'opt605', 'pat5022');
INSERT INTO F21_S001_22_TREATMENT
(TX_ID, TOOTH, DESCRIPTION, DATETIME, PHASE, TX_TYPE, SURFACE, STATUS, OPERATORY_ID, PATIENT_ID)
VALUES('tx3', 30, 'Tamiasciurus hudsonicus', TIMESTAMP '2017-04-06 00:00:00.000000', 3, 'preventive', 'distal', 'pending-approval', 'opt608', 'pat5020');
INSERT INTO F21_S001_22_TREATMENT
(TX_ID, TOOTH, DESCRIPTION, DATETIME, PHASE, TX_TYPE, SURFACE, STATUS, OPERATORY_ID, PATIENT_ID)
VALUES('tx4', 32, 'Cordylus giganteus', TIMESTAMP '2010-03-31 00:00:00.000000', 4, 'extraction', 'distal', 'payment-done', 'opt607', 'pat5023');
INSERT INTO F21_S001_22_TREATMENT
(TX_ID, TOOTH, DESCRIPTION, DATETIME, PHASE, TX_TYPE, SURFACE, STATUS, OPERATORY_ID, PATIENT_ID)
VALUES('tx5', 12, 'Macropus giganteus', TIMESTAMP '2019-01-06 00:00:00.000000', 4, 'extraction', 'distal', 'payment-pending', 'opt618', 'pat5028');
INSERT INTO F21_S001_22_TREATMENT
(TX_ID, TOOTH, DESCRIPTION, DATETIME, PHASE, TX_TYPE, SURFACE, STATUS, OPERATORY_ID, PATIENT_ID)
VALUES('tx6', 9, 'Tiliqua scincoides', TIMESTAMP '2020-09-03 00:00:00.000000', 4, 'preventive', 'mesial', 'canceled', 'opt608', 'pat5023');
INSERT INTO F21_S001_22_TREATMENT
(TX_ID, TOOTH, DESCRIPTION, DATETIME, PHASE, TX_TYPE, SURFACE, STATUS, OPERATORY_ID, PATIENT_ID)
VALUES('tx7', 9, 'Vulpes chama', TIMESTAMP '2017-09-01 00:00:00.000000', 3, 'implant', 'buccal', 'payment-done', 'opt610', 'pat5034');
INSERT INTO F21_S001_22_TREATMENT
(TX_ID, TOOTH, DESCRIPTION, DATETIME, PHASE, TX_TYPE, SURFACE, STATUS, OPERATORY_ID, PATIENT_ID)
VALUES('tx8', 4, 'Bison bison', TIMESTAMP '2017-07-07 00:00:00.000000', 1, 'filling', 'occlusal', 'proposed', 'opt615', 'pat5026');
INSERT INTO F21_S001_22_TREATMENT
(TX_ID, TOOTH, DESCRIPTION, DATETIME, PHASE, TX_TYPE, SURFACE, STATUS, OPERATORY_ID, PATIENT_ID)
VALUES('tx9', 15, 'Agelaius phoeniceus', TIMESTAMP '2015-05-18 00:00:00.000000', 4, 'braces', 'buccal', 'canceled', 'opt610', 'pat5015');
INSERT INTO F21_S001_22_TREATMENT
(TX_ID, TOOTH, DESCRIPTION, DATETIME, PHASE, TX_TYPE, SURFACE, STATUS, OPERATORY_ID, PATIENT_ID)
VALUES('tx10', 10, 'Cervus elaphus', TIMESTAMP '2021-06-17 00:00:00.000000', 4, 'extraction', 'buccal', 'payment-done', 'opt603', 'pat5020');
INSERT INTO F21_S001_22_TREATMENT
(TX_ID, TOOTH, DESCRIPTION, DATETIME, PHASE, TX_TYPE, SURFACE, STATUS, OPERATORY_ID, PATIENT_ID)
VALUES('tx11', 12, 'Boa caninus', TIMESTAMP '2014-03-08 00:00:00.000000', 1, 'crown', 'distal', 'pending-approval', 'opt617', 'pat5032');
INSERT INTO F21_S001_22_TREATMENT
(TX_ID, TOOTH, DESCRIPTION, DATETIME, PHASE, TX_TYPE, SURFACE, STATUS, OPERATORY_ID, PATIENT_ID)
VALUES('tx12', 23, 'Manouria emys', TIMESTAMP '2020-03-09 00:00:00.000000', 1, 'preventive', 'mesial', 'pending', 'opt604', 'pat5012');
INSERT INTO F21_S001_22_TREATMENT
(TX_ID, TOOTH, DESCRIPTION, DATETIME, PHASE, TX_TYPE, SURFACE, STATUS, OPERATORY_ID, PATIENT_ID)
VALUES('tx13', 10, 'Oryx gazella', TIMESTAMP '2009-04-30 00:00:00.000000', 1, 'braces', 'mesial', 'completed', 'opt604', 'pat5002');
INSERT INTO F21_S001_22_TREATMENT
(TX_ID, TOOTH, DESCRIPTION, DATETIME, PHASE, TX_TYPE, SURFACE, STATUS, OPERATORY_ID, PATIENT_ID)
VALUES('tx14', 6, 'Actophilornis africanus', TIMESTAMP '2020-06-26 00:00:00.000000', 3, 'filling', 'distal', 'payment-pending', 'opt615', 'pat5033');
INSERT INTO F21_S001_22_TREATMENT
(TX_ID, TOOTH, DESCRIPTION, DATETIME, PHASE, TX_TYPE, SURFACE, STATUS, OPERATORY_ID, PATIENT_ID)
VALUES('tx15', 25, 'Petaurus breviceps', TIMESTAMP '2018-05-02 00:00:00.000000', 2, 'crown', 'lingual', 'payment-done', 'opt612', 'pat5017');
INSERT INTO F21_S001_22_TREATMENT
(TX_ID, TOOTH, DESCRIPTION, DATETIME, PHASE, TX_TYPE, SURFACE, STATUS, OPERATORY_ID, PATIENT_ID)
VALUES('tx16', 3, 'Halcyon smyrnesis', TIMESTAMP '2019-12-27 00:00:00.000000', 1, 'braces', 'lingual', 'canceled', 'opt612', 'pat5047');
INSERT INTO F21_S001_22_TREATMENT
(TX_ID, TOOTH, DESCRIPTION, DATETIME, PHASE, TX_TYPE, SURFACE, STATUS, OPERATORY_ID, PATIENT_ID)
VALUES('tx17', 24, 'Morelia spilotes variegata', TIMESTAMP '2009-11-19 00:00:00.000000', 1, 'braces', 'buccal', 'pending', 'opt611', 'pat5046');
INSERT INTO F21_S001_22_TREATMENT
(TX_ID, TOOTH, DESCRIPTION, DATETIME, PHASE, TX_TYPE, SURFACE, STATUS, OPERATORY_ID, PATIENT_ID)
VALUES('tx18', 6, 'Echimys chrysurus', TIMESTAMP '2012-10-15 00:00:00.000000', 4, 'implant', 'mesial', 'canceled', 'opt610', 'pat5048');
INSERT INTO F21_S001_22_TREATMENT
(TX_ID, TOOTH, DESCRIPTION, DATETIME, PHASE, TX_TYPE, SURFACE, STATUS, OPERATORY_ID, PATIENT_ID)
VALUES('tx19', 21, 'Francolinus leucoscepus', TIMESTAMP '2011-05-18 00:00:00.000000', 2, 'filling', 'lingual', 'completed', 'opt606', 'pat5010');
INSERT INTO F21_S001_22_TREATMENT
(TX_ID, TOOTH, DESCRIPTION, DATETIME, PHASE, TX_TYPE, SURFACE, STATUS, OPERATORY_ID, PATIENT_ID)
VALUES('tx20', 20, 'Myotis lucifugus', TIMESTAMP '2009-01-21 00:00:00.000000', 2, 'implant', 'occlusal', 'canceled', 'opt607', 'pat5026');
INSERT INTO F21_S001_22_TREATMENT
(TX_ID, TOOTH, DESCRIPTION, DATETIME, PHASE, TX_TYPE, SURFACE, STATUS, OPERATORY_ID, PATIENT_ID)
VALUES('tx21', 29, 'Casmerodius albus', TIMESTAMP '2015-12-15 00:00:00.000000', 1, 'preventive', 'lingual', 'scheduled', 'opt604', 'pat5025');
INSERT INTO F21_S001_22_TREATMENT
(TX_ID, TOOTH, DESCRIPTION, DATETIME, PHASE, TX_TYPE, SURFACE, STATUS, OPERATORY_ID, PATIENT_ID)
VALUES('tx22', 14, 'Otaria flavescens', TIMESTAMP '2019-12-06 00:00:00.000000', 4, 'extraction', 'buccal', 'completed', 'opt616', 'pat5026');
INSERT INTO F21_S001_22_TREATMENT
(TX_ID, TOOTH, DESCRIPTION, DATETIME, PHASE, TX_TYPE, SURFACE, STATUS, OPERATORY_ID, PATIENT_ID)
VALUES('tx23', 31, 'Canis aureus', TIMESTAMP '2013-07-13 00:00:00.000000', 4, 'extraction', 'occlusal', 'proposed', 'opt608', 'pat5023');
INSERT INTO F21_S001_22_TREATMENT
(TX_ID, TOOTH, DESCRIPTION, DATETIME, PHASE, TX_TYPE, SURFACE, STATUS, OPERATORY_ID, PATIENT_ID)
VALUES('tx24', 8, 'Canis aureus', TIMESTAMP '2017-08-30 00:00:00.000000', 3, 'extraction', 'mesial', 'canceled', 'opt610', 'pat5046');
INSERT INTO F21_S001_22_TREATMENT
(TX_ID, TOOTH, DESCRIPTION, DATETIME, PHASE, TX_TYPE, SURFACE, STATUS, OPERATORY_ID, PATIENT_ID)
VALUES('tx25', 22, 'Milvago chimachima', TIMESTAMP '2019-01-30 00:00:00.000000', 3, 'implant', 'lingual', 'payment-pending', 'opt612', 'pat5049');
INSERT INTO F21_S001_22_TREATMENT
(TX_ID, TOOTH, DESCRIPTION, DATETIME, PHASE, TX_TYPE, SURFACE, STATUS, OPERATORY_ID, PATIENT_ID)
VALUES('tx26', 17, 'Platalea leucordia', TIMESTAMP '2021-07-21 00:00:00.000000', 2, 'implant', 'lingual', 'payment-pending', 'opt618', 'pat5002');
INSERT INTO F21_S001_22_TREATMENT
(TX_ID, TOOTH, DESCRIPTION, DATETIME, PHASE, TX_TYPE, SURFACE, STATUS, OPERATORY_ID, PATIENT_ID)
VALUES('tx27', 20, 'Macropus robustus', TIMESTAMP '2012-08-02 00:00:00.000000', 3, 'extraction', 'occlusal', 'payment-done', 'opt619', 'pat5016');
INSERT INTO F21_S001_22_TREATMENT
(TX_ID, TOOTH, DESCRIPTION, DATETIME, PHASE, TX_TYPE, SURFACE, STATUS, OPERATORY_ID, PATIENT_ID)
VALUES('tx28', 30, 'Eolophus roseicapillus', TIMESTAMP '2007-11-27 00:00:00.000000', 4, 'crown', 'buccal', 'payment-done', 'opt602', 'pat5025');
INSERT INTO F21_S001_22_TREATMENT
(TX_ID, TOOTH, DESCRIPTION, DATETIME, PHASE, TX_TYPE, SURFACE, STATUS, OPERATORY_ID, PATIENT_ID)
VALUES('tx29', 30, 'Ammospermophilus nelsoni', TIMESTAMP '2019-11-09 00:00:00.000000', 3, 'implant', 'distal', 'pending', 'opt601', 'pat5028');
INSERT INTO F21_S001_22_TREATMENT
(TX_ID, TOOTH, DESCRIPTION, DATETIME, PHASE, TX_TYPE, SURFACE, STATUS, OPERATORY_ID, PATIENT_ID)
VALUES('tx30', 25, 'Gazella granti', TIMESTAMP '2021-10-16 00:00:00.000000', 2, 'implant', 'lingual', 'payment-done', 'opt603', 'pat5003');
INSERT INTO F21_S001_22_TREATMENT
(TX_ID, TOOTH, DESCRIPTION, DATETIME, PHASE, TX_TYPE, SURFACE, STATUS, OPERATORY_ID, PATIENT_ID)
VALUES('tx31', 24, 'Dendrocitta vagabunda', TIMESTAMP '2015-08-12 00:00:00.000000', 3, 'extraction', 'buccal', 'pending', 'opt602', 'pat5035');
INSERT INTO F21_S001_22_TREATMENT
(TX_ID, TOOTH, DESCRIPTION, DATETIME, PHASE, TX_TYPE, SURFACE, STATUS, OPERATORY_ID, PATIENT_ID)
VALUES('tx32', 13, 'Didelphis virginiana', TIMESTAMP '2014-12-22 00:00:00.000000', 2, 'braces', 'buccal', 'payment-pending', 'opt616', 'pat5034');
INSERT INTO F21_S001_22_TREATMENT
(TX_ID, TOOTH, DESCRIPTION, DATETIME, PHASE, TX_TYPE, SURFACE, STATUS, OPERATORY_ID, PATIENT_ID)
VALUES('tx33', 16, 'Cacatua tenuirostris', TIMESTAMP '2008-01-16 00:00:00.000000', 2, 'braces', 'distal', 'proposed', 'opt604', 'pat5014');
INSERT INTO F21_S001_22_TREATMENT
(TX_ID, TOOTH, DESCRIPTION, DATETIME, PHASE, TX_TYPE, SURFACE, STATUS, OPERATORY_ID, PATIENT_ID)
VALUES('tx34', 28, 'Cyrtodactylus louisiadensis', TIMESTAMP '2012-10-20 00:00:00.000000', 4, 'crown', 'distal', 'completed', 'opt607', 'pat5038');
INSERT INTO F21_S001_22_TREATMENT
(TX_ID, TOOTH, DESCRIPTION, DATETIME, PHASE, TX_TYPE, SURFACE, STATUS, OPERATORY_ID, PATIENT_ID)
VALUES('tx35', 15, 'Dasypus novemcinctus', TIMESTAMP '2021-07-25 00:00:00.000000', 4, 'implant', 'buccal', 'canceled', 'opt613', 'pat5013');
INSERT INTO F21_S001_22_TREATMENT
(TX_ID, TOOTH, DESCRIPTION, DATETIME, PHASE, TX_TYPE, SURFACE, STATUS, OPERATORY_ID, PATIENT_ID)
VALUES('tx36', 1, 'Semnopithecus entellus', TIMESTAMP '2013-02-20 00:00:00.000000', 1, 'braces', 'mesial', 'completed', 'opt609', 'pat5036');
INSERT INTO F21_S001_22_TREATMENT
(TX_ID, TOOTH, DESCRIPTION, DATETIME, PHASE, TX_TYPE, SURFACE, STATUS, OPERATORY_ID, PATIENT_ID)
VALUES('tx37', 25, 'Dacelo novaeguineae', TIMESTAMP '2010-01-11 00:00:00.000000', 3, 'braces', 'buccal', 'proposed', 'opt603', 'pat5006');
INSERT INTO F21_S001_22_TREATMENT
(TX_ID, TOOTH, DESCRIPTION, DATETIME, PHASE, TX_TYPE, SURFACE, STATUS, OPERATORY_ID, PATIENT_ID)
VALUES('tx38', 28, 'Lycosa godeffroyi', TIMESTAMP '2020-04-12 00:00:00.000000', 1, 'implant', 'distal', 'canceled', 'opt606', 'pat5023');
INSERT INTO F21_S001_22_TREATMENT
(TX_ID, TOOTH, DESCRIPTION, DATETIME, PHASE, TX_TYPE, SURFACE, STATUS, OPERATORY_ID, PATIENT_ID)
VALUES('tx39', 11, 'Tiliqua scincoides', TIMESTAMP '2008-05-01 00:00:00.000000', 2, 'braces', 'mesial', 'payment-pending', 'opt609', 'pat5008');
INSERT INTO F21_S001_22_TREATMENT
(TX_ID, TOOTH, DESCRIPTION, DATETIME, PHASE, TX_TYPE, SURFACE, STATUS, OPERATORY_ID, PATIENT_ID)
VALUES('tx40', 23, 'Felis silvestris lybica', TIMESTAMP '2011-06-21 00:00:00.000000', 3, 'filling', 'mesial', 'scheduled', 'opt605', 'pat5022');
INSERT INTO F21_S001_22_TREATMENT
(TX_ID, TOOTH, DESCRIPTION, DATETIME, PHASE, TX_TYPE, SURFACE, STATUS, OPERATORY_ID, PATIENT_ID)
VALUES('tx41', 11, 'Plegadis falcinellus', TIMESTAMP '2009-08-02 00:00:00.000000', 3, 'crown', 'buccal', 'pending-approval', 'opt615', 'pat5015');
INSERT INTO F21_S001_22_TREATMENT
(TX_ID, TOOTH, DESCRIPTION, DATETIME, PHASE, TX_TYPE, SURFACE, STATUS, OPERATORY_ID, PATIENT_ID)
VALUES('tx42', 22, 'Fulica cristata', TIMESTAMP '2009-04-25 00:00:00.000000', 1, 'filling', 'mesial', 'payment-done', 'opt602', 'pat5034');
INSERT INTO F21_S001_22_TREATMENT
(TX_ID, TOOTH, DESCRIPTION, DATETIME, PHASE, TX_TYPE, SURFACE, STATUS, OPERATORY_ID, PATIENT_ID)
VALUES('tx43', 23, 'Ciconia episcopus', TIMESTAMP '2012-07-26 00:00:00.000000', 2, 'implant', 'occlusal', 'proposed', 'opt612', 'pat5014');
INSERT INTO F21_S001_22_TREATMENT
(TX_ID, TOOTH, DESCRIPTION, DATETIME, PHASE, TX_TYPE, SURFACE, STATUS, OPERATORY_ID, PATIENT_ID)
VALUES('tx44', 9, 'Mungos mungo', TIMESTAMP '2009-07-26 00:00:00.000000', 3, 'implant', 'mesial', 'pending-approval', 'opt606', 'pat5041');
INSERT INTO F21_S001_22_TREATMENT
(TX_ID, TOOTH, DESCRIPTION, DATETIME, PHASE, TX_TYPE, SURFACE, STATUS, OPERATORY_ID, PATIENT_ID)
VALUES('tx45', 9, 'Butorides striatus', TIMESTAMP '2018-02-22 00:00:00.000000', 1, 'filling', 'distal', 'payment-pending', 'opt614', 'pat5007');
INSERT INTO F21_S001_22_TREATMENT
(TX_ID, TOOTH, DESCRIPTION, DATETIME, PHASE, TX_TYPE, SURFACE, STATUS, OPERATORY_ID, PATIENT_ID)
VALUES('tx46', 22, 'Amazona sp.', TIMESTAMP '2016-03-20 00:00:00.000000', 2, 'filling', 'occlusal', 'proposed', 'opt618', 'pat5029');
INSERT INTO F21_S001_22_TREATMENT
(TX_ID, TOOTH, DESCRIPTION, DATETIME, PHASE, TX_TYPE, SURFACE, STATUS, OPERATORY_ID, PATIENT_ID)
VALUES('tx47', 1, 'Equus hemionus', TIMESTAMP '2018-09-08 00:00:00.000000', 3, 'preventive', 'distal', 'scheduled', 'opt603', 'pat5005');
INSERT INTO F21_S001_22_TREATMENT
(TX_ID, TOOTH, DESCRIPTION, DATETIME, PHASE, TX_TYPE, SURFACE, STATUS, OPERATORY_ID, PATIENT_ID)
VALUES('tx48', 22, 'Naja haje', TIMESTAMP '2007-11-28 00:00:00.000000', 4, 'implant', 'mesial', 'pending', 'opt610', 'pat5005');
INSERT INTO F21_S001_22_TREATMENT
(TX_ID, TOOTH, DESCRIPTION, DATETIME, PHASE, TX_TYPE, SURFACE, STATUS, OPERATORY_ID, PATIENT_ID)
VALUES('tx49', 18, 'Creagrus furcatus', TIMESTAMP '2009-09-01 00:00:00.000000', 1, 'crown', 'lingual', 'canceled', 'opt613', 'pat5048');
INSERT INTO F21_S001_22_TREATMENT
(TX_ID, TOOTH, DESCRIPTION, DATETIME, PHASE, TX_TYPE, SURFACE, STATUS, OPERATORY_ID, PATIENT_ID)
VALUES('tx50', 22, 'Cordylus giganteus', TIMESTAMP '2015-07-23 00:00:00.000000', 4, 'extraction', 'buccal', 'scheduled', 'opt609', 'pat5037');
INSERT INTO F21_S001_22_TREATMENT
(TX_ID, TOOTH, DESCRIPTION, DATETIME, PHASE, TX_TYPE, SURFACE, STATUS, OPERATORY_ID, PATIENT_ID)
VALUES('tx51', 29, 'Alcelaphus buselaphus caama', TIMESTAMP '2008-08-02 00:00:00.000000', 2, 'extraction', 'mesial', 'proposed', 'opt609', 'pat5032');
INSERT INTO F21_S001_22_TREATMENT
(TX_ID, TOOTH, DESCRIPTION, DATETIME, PHASE, TX_TYPE, SURFACE, STATUS, OPERATORY_ID, PATIENT_ID)
VALUES('tx52', 22, 'Canis dingo', TIMESTAMP '2012-06-06 00:00:00.000000', 4, 'crown', 'mesial', 'completed', 'opt606', 'pat5044');
INSERT INTO F21_S001_22_TREATMENT
(TX_ID, TOOTH, DESCRIPTION, DATETIME, PHASE, TX_TYPE, SURFACE, STATUS, OPERATORY_ID, PATIENT_ID)
VALUES('tx53', 12, 'Manouria emys', TIMESTAMP '2008-08-01 00:00:00.000000', 1, 'crown', 'occlusal', 'payment-done', 'opt620', 'pat5047');
INSERT INTO F21_S001_22_TREATMENT
(TX_ID, TOOTH, DESCRIPTION, DATETIME, PHASE, TX_TYPE, SURFACE, STATUS, OPERATORY_ID, PATIENT_ID)
VALUES('tx54', 7, 'Redunca redunca', TIMESTAMP '2011-10-13 00:00:00.000000', 3, 'implant', 'lingual', 'payment-pending', 'opt621', 'pat5036');
INSERT INTO F21_S001_22_TREATMENT
(TX_ID, TOOTH, DESCRIPTION, DATETIME, PHASE, TX_TYPE, SURFACE, STATUS, OPERATORY_ID, PATIENT_ID)
VALUES('tx55', 22, 'Philetairus socius', TIMESTAMP '2019-06-08 00:00:00.000000', 1, 'filling', 'occlusal', 'scheduled', 'opt615', 'pat5010');
INSERT INTO F21_S001_22_TREATMENT
(TX_ID, TOOTH, DESCRIPTION, DATETIME, PHASE, TX_TYPE, SURFACE, STATUS, OPERATORY_ID, PATIENT_ID)
VALUES('tx56', 7, 'Parus atricapillus', TIMESTAMP '2019-02-10 00:00:00.000000', 3, 'preventive', 'distal', 'proposed', 'opt614', 'pat5043');
INSERT INTO F21_S001_22_TREATMENT
(TX_ID, TOOTH, DESCRIPTION, DATETIME, PHASE, TX_TYPE, SURFACE, STATUS, OPERATORY_ID, PATIENT_ID)
VALUES('tx57', 19, 'Sitta canadensis', TIMESTAMP '2013-02-25 00:00:00.000000', 1, 'implant', 'distal', 'scheduled', 'opt608', 'pat5025');
INSERT INTO F21_S001_22_TREATMENT
(TX_ID, TOOTH, DESCRIPTION, DATETIME, PHASE, TX_TYPE, SURFACE, STATUS, OPERATORY_ID, PATIENT_ID)
VALUES('tx58', 10, 'Geococcyx californianus', TIMESTAMP '2012-11-27 00:00:00.000000', 2, 'crown', 'mesial', 'completed', 'opt601', 'pat5027');
INSERT INTO F21_S001_22_TREATMENT
(TX_ID, TOOTH, DESCRIPTION, DATETIME, PHASE, TX_TYPE, SURFACE, STATUS, OPERATORY_ID, PATIENT_ID)
VALUES('tx59', 15, 'Uraeginthus angolensis', TIMESTAMP '2008-04-22 00:00:00.000000', 1, 'implant', 'buccal', 'payment-pending', 'opt601', 'pat5024');
INSERT INTO F21_S001_22_TREATMENT
(TX_ID, TOOTH, DESCRIPTION, DATETIME, PHASE, TX_TYPE, SURFACE, STATUS, OPERATORY_ID, PATIENT_ID)
VALUES('tx60', 6, 'Bradypus tridactylus', TIMESTAMP '2011-03-04 00:00:00.000000', 4, 'implant', 'lingual', 'completed', 'opt615', 'pat5038');
INSERT INTO F21_S001_22_TREATMENT
(TX_ID, TOOTH, DESCRIPTION, DATETIME, PHASE, TX_TYPE, SURFACE, STATUS, OPERATORY_ID, PATIENT_ID)
VALUES('tx61', 23, 'Bugeranus caruncalatus', TIMESTAMP '2011-12-26 00:00:00.000000', 3, 'implant', 'lingual', 'pending-approval', 'opt602', 'pat5024');
INSERT INTO F21_S001_22_TREATMENT
(TX_ID, TOOTH, DESCRIPTION, DATETIME, PHASE, TX_TYPE, SURFACE, STATUS, OPERATORY_ID, PATIENT_ID)
VALUES('tx62', 24, 'unavailable', TIMESTAMP '2015-01-10 00:00:00.000000', 2, 'implant', 'buccal', 'proposed', 'opt609', 'pat5029');
INSERT INTO F21_S001_22_TREATMENT
(TX_ID, TOOTH, DESCRIPTION, DATETIME, PHASE, TX_TYPE, SURFACE, STATUS, OPERATORY_ID, PATIENT_ID)
VALUES('tx63', 19, 'Hippotragus equinus', TIMESTAMP '2009-08-06 00:00:00.000000', 1, 'implant', 'lingual', 'pending-approval', 'opt603', 'pat5049');
INSERT INTO F21_S001_22_TREATMENT
(TX_ID, TOOTH, DESCRIPTION, DATETIME, PHASE, TX_TYPE, SURFACE, STATUS, OPERATORY_ID, PATIENT_ID)
VALUES('tx64', 23, 'Sus scrofa', TIMESTAMP '2017-06-29 00:00:00.000000', 2, 'crown', 'buccal', 'canceled', 'opt602', 'pat5039');
INSERT INTO F21_S001_22_TREATMENT
(TX_ID, TOOTH, DESCRIPTION, DATETIME, PHASE, TX_TYPE, SURFACE, STATUS, OPERATORY_ID, PATIENT_ID)
VALUES('tx65', 11, 'Canis dingo', TIMESTAMP '2019-03-22 00:00:00.000000', 4, 'braces', 'mesial', 'scheduled', 'opt615', 'pat5002');
INSERT INTO F21_S001_22_TREATMENT
(TX_ID, TOOTH, DESCRIPTION, DATETIME, PHASE, TX_TYPE, SURFACE, STATUS, OPERATORY_ID, PATIENT_ID)
VALUES('tx66', 29, 'Macropus robustus', TIMESTAMP '2020-07-21 00:00:00.000000', 2, 'preventive', 'mesial', 'payment-pending', 'opt611', 'pat5026');
INSERT INTO F21_S001_22_TREATMENT
(TX_ID, TOOTH, DESCRIPTION, DATETIME, PHASE, TX_TYPE, SURFACE, STATUS, OPERATORY_ID, PATIENT_ID)
VALUES('tx67', 26, 'Lepilemur rufescens', TIMESTAMP '2021-09-20 00:00:00.000000', 4, 'crown', 'occlusal', 'completed', 'opt614', 'pat5013');
INSERT INTO F21_S001_22_TREATMENT
(TX_ID, TOOTH, DESCRIPTION, DATETIME, PHASE, TX_TYPE, SURFACE, STATUS, OPERATORY_ID, PATIENT_ID)
VALUES('tx68', 31, 'Chlidonias leucopterus', TIMESTAMP '2017-02-09 00:00:00.000000', 3, 'extraction', 'mesial', 'payment-pending', 'opt618', 'pat5031');
INSERT INTO F21_S001_22_TREATMENT
(TX_ID, TOOTH, DESCRIPTION, DATETIME, PHASE, TX_TYPE, SURFACE, STATUS, OPERATORY_ID, PATIENT_ID)
VALUES('tx69', 26, 'Bucephala clangula', TIMESTAMP '2016-02-27 00:00:00.000000', 2, 'filling', 'buccal', 'canceled', 'opt611', 'pat5024');
INSERT INTO F21_S001_22_TREATMENT
(TX_ID, TOOTH, DESCRIPTION, DATETIME, PHASE, TX_TYPE, SURFACE, STATUS, OPERATORY_ID, PATIENT_ID)
VALUES('tx70', 22, 'Phalacrocorax carbo', TIMESTAMP '2010-11-07 00:00:00.000000', 1, 'filling', 'mesial', 'completed', 'opt616', 'pat5047');
INSERT INTO F21_S001_22_TREATMENT
(TX_ID, TOOTH, DESCRIPTION, DATETIME, PHASE, TX_TYPE, SURFACE, STATUS, OPERATORY_ID, PATIENT_ID)
VALUES('tx71', 24, 'Phascogale calura', TIMESTAMP '2019-04-05 00:00:00.000000', 1, 'crown', 'mesial', 'pending', 'opt606', 'pat5018');
INSERT INTO F21_S001_22_TREATMENT
(TX_ID, TOOTH, DESCRIPTION, DATETIME, PHASE, TX_TYPE, SURFACE, STATUS, OPERATORY_ID, PATIENT_ID)
VALUES('tx72', 22, 'Cereopsis novaehollandiae', TIMESTAMP '2015-05-02 00:00:00.000000', 2, 'filling', 'lingual', 'pending-approval', 'opt602', 'pat5031');
INSERT INTO F21_S001_22_TREATMENT
(TX_ID, TOOTH, DESCRIPTION, DATETIME, PHASE, TX_TYPE, SURFACE, STATUS, OPERATORY_ID, PATIENT_ID)
VALUES('tx73', 30, 'Sula dactylatra', TIMESTAMP '2015-03-13 00:00:00.000000', 4, 'braces', 'buccal', 'pending-approval', 'opt602', 'pat5038');
INSERT INTO F21_S001_22_TREATMENT
(TX_ID, TOOTH, DESCRIPTION, DATETIME, PHASE, TX_TYPE, SURFACE, STATUS, OPERATORY_ID, PATIENT_ID)
VALUES('tx74', 22, 'Lybius torquatus', TIMESTAMP '2017-12-30 00:00:00.000000', 2, 'filling', 'mesial', 'canceled', 'opt606', 'pat5011');
INSERT INTO F21_S001_22_TREATMENT
(TX_ID, TOOTH, DESCRIPTION, DATETIME, PHASE, TX_TYPE, SURFACE, STATUS, OPERATORY_ID, PATIENT_ID)
VALUES('tx75', 3, 'Butorides striatus', TIMESTAMP '2019-01-14 00:00:00.000000', 3, 'braces', 'buccal', 'pending-approval', 'opt615', 'pat5049');
INSERT INTO F21_S001_22_TREATMENT
(TX_ID, TOOTH, DESCRIPTION, DATETIME, PHASE, TX_TYPE, SURFACE, STATUS, OPERATORY_ID, PATIENT_ID)
VALUES('tx76', 27, 'Gyps bengalensis', TIMESTAMP '2013-09-20 00:00:00.000000', 2, 'crown', 'distal', 'proposed', 'opt605', 'pat5036');
INSERT INTO F21_S001_22_TREATMENT
(TX_ID, TOOTH, DESCRIPTION, DATETIME, PHASE, TX_TYPE, SURFACE, STATUS, OPERATORY_ID, PATIENT_ID)
VALUES('tx77', 19, 'Ourebia ourebi', TIMESTAMP '2016-01-18 00:00:00.000000', 2, 'preventive', 'occlusal', 'scheduled', 'opt607', 'pat5036');
INSERT INTO F21_S001_22_TREATMENT
(TX_ID, TOOTH, DESCRIPTION, DATETIME, PHASE, TX_TYPE, SURFACE, STATUS, OPERATORY_ID, PATIENT_ID)
VALUES('tx78', 30, 'Graspus graspus', TIMESTAMP '2021-03-07 00:00:00.000000', 1, 'crown', 'occlusal', 'pending-approval', 'opt619', 'pat5004');
INSERT INTO F21_S001_22_TREATMENT
(TX_ID, TOOTH, DESCRIPTION, DATETIME, PHASE, TX_TYPE, SURFACE, STATUS, OPERATORY_ID, PATIENT_ID)
VALUES('tx79', 11, 'Neophron percnopterus', TIMESTAMP '2012-02-29 00:00:00.000000', 3, 'implant', 'lingual', 'proposed', 'opt609', 'pat5035');
INSERT INTO F21_S001_22_TREATMENT
(TX_ID, TOOTH, DESCRIPTION, DATETIME, PHASE, TX_TYPE, SURFACE, STATUS, OPERATORY_ID, PATIENT_ID)
VALUES('tx80', 2, 'Melophus lathami', TIMESTAMP '2014-03-01 00:00:00.000000', 2, 'preventive', 'lingual', 'canceled', 'opt617', 'pat5025');
INSERT INTO F21_S001_22_TREATMENT
(TX_ID, TOOTH, DESCRIPTION, DATETIME, PHASE, TX_TYPE, SURFACE, STATUS, OPERATORY_ID, PATIENT_ID)
VALUES('tx81', 23, 'Stenella coeruleoalba', TIMESTAMP '2017-10-25 00:00:00.000000', 4, 'extraction', 'occlusal', 'scheduled', 'opt608', 'pat5042');
INSERT INTO F21_S001_22_TREATMENT
(TX_ID, TOOTH, DESCRIPTION, DATETIME, PHASE, TX_TYPE, SURFACE, STATUS, OPERATORY_ID, PATIENT_ID)
VALUES('tx82', 9, 'Vulpes chama', TIMESTAMP '2009-06-06 00:00:00.000000', 3, 'filling', 'mesial', 'payment-pending', 'opt606', 'pat5023');
INSERT INTO F21_S001_22_TREATMENT
(TX_ID, TOOTH, DESCRIPTION, DATETIME, PHASE, TX_TYPE, SURFACE, STATUS, OPERATORY_ID, PATIENT_ID)
VALUES('tx83', 25, 'Otaria flavescens', TIMESTAMP '2013-11-27 00:00:00.000000', 2, 'braces', 'buccal', 'scheduled', 'opt620', 'pat5033');
INSERT INTO F21_S001_22_TREATMENT
(TX_ID, TOOTH, DESCRIPTION, DATETIME, PHASE, TX_TYPE, SURFACE, STATUS, OPERATORY_ID, PATIENT_ID)
VALUES('tx84', 14, 'Papio cynocephalus', TIMESTAMP '2017-06-22 00:00:00.000000', 4, 'filling', 'buccal', 'pending-approval', 'opt614', 'pat5027');
INSERT INTO F21_S001_22_TREATMENT
(TX_ID, TOOTH, DESCRIPTION, DATETIME, PHASE, TX_TYPE, SURFACE, STATUS, OPERATORY_ID, PATIENT_ID)
VALUES('tx85', 7, 'Ctenophorus ornatus', TIMESTAMP '2021-04-30 00:00:00.000000', 2, 'preventive', 'occlusal', 'scheduled', 'opt614', 'pat5042');
INSERT INTO F21_S001_22_TREATMENT
(TX_ID, TOOTH, DESCRIPTION, DATETIME, PHASE, TX_TYPE, SURFACE, STATUS, OPERATORY_ID, PATIENT_ID)
VALUES('tx86', 13, 'Butorides striatus', TIMESTAMP '2009-11-04 00:00:00.000000', 1, 'braces', 'buccal', 'payment-pending', 'opt618', 'pat5048');
INSERT INTO F21_S001_22_TREATMENT
(TX_ID, TOOTH, DESCRIPTION, DATETIME, PHASE, TX_TYPE, SURFACE, STATUS, OPERATORY_ID, PATIENT_ID)
VALUES('tx87', 25, 'Herpestes javanicus', TIMESTAMP '2012-11-20 00:00:00.000000', 3, 'extraction', 'buccal', 'proposed', 'opt619', 'pat5042');
INSERT INTO F21_S001_22_TREATMENT
(TX_ID, TOOTH, DESCRIPTION, DATETIME, PHASE, TX_TYPE, SURFACE, STATUS, OPERATORY_ID, PATIENT_ID)
VALUES('tx88', 22, 'Climacteris melanura', TIMESTAMP '2016-02-13 00:00:00.000000', 3, 'extraction', 'mesial', 'payment-pending', 'opt619', 'pat5026');
INSERT INTO F21_S001_22_TREATMENT
(TX_ID, TOOTH, DESCRIPTION, DATETIME, PHASE, TX_TYPE, SURFACE, STATUS, OPERATORY_ID, PATIENT_ID)
VALUES('tx89', 24, 'Cervus duvauceli', TIMESTAMP '2013-01-24 00:00:00.000000', 4, 'filling', 'buccal', 'pending-approval', 'opt619', 'pat5018');
INSERT INTO F21_S001_22_TREATMENT
(TX_ID, TOOTH, DESCRIPTION, DATETIME, PHASE, TX_TYPE, SURFACE, STATUS, OPERATORY_ID, PATIENT_ID)
VALUES('tx90', 25, 'Dicrostonyx groenlandicus', TIMESTAMP '2010-03-15 00:00:00.000000', 1, 'crown', 'lingual', 'scheduled', 'opt602', 'pat5015');
INSERT INTO F21_S001_22_TREATMENT
(TX_ID, TOOTH, DESCRIPTION, DATETIME, PHASE, TX_TYPE, SURFACE, STATUS, OPERATORY_ID, PATIENT_ID)
VALUES('tx91', 2, 'Ninox superciliaris', TIMESTAMP '2019-08-10 00:00:00.000000', 4, 'extraction', 'buccal', 'payment-pending', 'opt603', 'pat5043');
INSERT INTO F21_S001_22_TREATMENT
(TX_ID, TOOTH, DESCRIPTION, DATETIME, PHASE, TX_TYPE, SURFACE, STATUS, OPERATORY_ID, PATIENT_ID)
VALUES('tx92', 25, 'Estrilda erythronotos', TIMESTAMP '2019-05-29 00:00:00.000000', 4, 'braces', 'occlusal', 'pending-approval', 'opt601', 'pat5037');
INSERT INTO F21_S001_22_TREATMENT
(TX_ID, TOOTH, DESCRIPTION, DATETIME, PHASE, TX_TYPE, SURFACE, STATUS, OPERATORY_ID, PATIENT_ID)
VALUES('tx93', 19, 'Streptopelia senegalensis', TIMESTAMP '2009-05-30 00:00:00.000000', 2, 'braces', 'occlusal', 'completed', 'opt618', 'pat5024');
INSERT INTO F21_S001_22_TREATMENT
(TX_ID, TOOTH, DESCRIPTION, DATETIME, PHASE, TX_TYPE, SURFACE, STATUS, OPERATORY_ID, PATIENT_ID)
VALUES('tx94', 8, 'Egretta thula', TIMESTAMP '2018-05-31 00:00:00.000000', 3, 'implant', 'buccal', 'pending-approval', 'opt610', 'pat5026');
INSERT INTO F21_S001_22_TREATMENT
(TX_ID, TOOTH, DESCRIPTION, DATETIME, PHASE, TX_TYPE, SURFACE, STATUS, OPERATORY_ID, PATIENT_ID)
VALUES('tx95', 27, 'Paroaria gularis', TIMESTAMP '2018-06-23 00:00:00.000000', 4, 'filling', 'lingual', 'payment-done', 'opt621', 'pat5046');
INSERT INTO F21_S001_22_TREATMENT
(TX_ID, TOOTH, DESCRIPTION, DATETIME, PHASE, TX_TYPE, SURFACE, STATUS, OPERATORY_ID, PATIENT_ID)
VALUES('tx96', 14, 'Canis aureus', TIMESTAMP '2008-12-29 00:00:00.000000', 4, 'braces', 'distal', 'payment-pending', 'opt601', 'pat5008');
INSERT INTO F21_S001_22_TREATMENT
(TX_ID, TOOTH, DESCRIPTION, DATETIME, PHASE, TX_TYPE, SURFACE, STATUS, OPERATORY_ID, PATIENT_ID)
VALUES('tx97', 11, 'Melanerpes erythrocephalus', TIMESTAMP '2008-05-28 00:00:00.000000', 2, 'filling', 'buccal', 'pending-approval', 'opt604', 'pat5040');
INSERT INTO F21_S001_22_TREATMENT
(TX_ID, TOOTH, DESCRIPTION, DATETIME, PHASE, TX_TYPE, SURFACE, STATUS, OPERATORY_ID, PATIENT_ID)
VALUES('tx98', 30, 'Psittacula krameri', TIMESTAMP '2010-07-15 00:00:00.000000', 1, 'crown', 'buccal', 'completed', 'opt613', 'pat5028');
INSERT INTO F21_S001_22_TREATMENT
(TX_ID, TOOTH, DESCRIPTION, DATETIME, PHASE, TX_TYPE, SURFACE, STATUS, OPERATORY_ID, PATIENT_ID)
VALUES('tx99', 6, 'Leptoptilus dubius', TIMESTAMP '2011-10-14 00:00:00.000000', 2, 'filling', 'occlusal', 'proposed', 'opt610', 'pat5005');
INSERT INTO F21_S001_22_TREATMENT
(TX_ID, TOOTH, DESCRIPTION, DATETIME, PHASE, TX_TYPE, SURFACE, STATUS, OPERATORY_ID, PATIENT_ID)
VALUES('tx100', 5, 'Coluber constrictor foxii', TIMESTAMP '2012-08-06 00:00:00.000000', 2, 'extraction', 'buccal', 'pending-approval', 'opt605', 'pat5050');
INSERT INTO F21_S001_22_TREATMENT
(TX_ID, TOOTH, DESCRIPTION, DATETIME, PHASE, TX_TYPE, SURFACE, STATUS, OPERATORY_ID, PATIENT_ID)
VALUES('tx101', 8, 'Kobus defassa', TIMESTAMP '2012-04-29 00:00:00.000000', 3, 'extraction', 'buccal', 'payment-pending', 'opt607', 'pat5048');
INSERT INTO F21_S001_22_TREATMENT
(TX_ID, TOOTH, DESCRIPTION, DATETIME, PHASE, TX_TYPE, SURFACE, STATUS, OPERATORY_ID, PATIENT_ID)
VALUES('tx102', 28, 'Snycerus caffer', TIMESTAMP '2011-01-23 00:00:00.000000', 3, 'filling', 'lingual', 'pending-approval', 'opt610', 'pat5026');
INSERT INTO F21_S001_22_TREATMENT
(TX_ID, TOOTH, DESCRIPTION, DATETIME, PHASE, TX_TYPE, SURFACE, STATUS, OPERATORY_ID, PATIENT_ID)
VALUES('tx103', 13, 'Ardea golieth', TIMESTAMP '2010-11-02 00:00:00.000000', 3, 'braces', 'occlusal', 'canceled', 'opt607', 'pat5030');
INSERT INTO F21_S001_22_TREATMENT
(TX_ID, TOOTH, DESCRIPTION, DATETIME, PHASE, TX_TYPE, SURFACE, STATUS, OPERATORY_ID, PATIENT_ID)
VALUES('tx104', 30, 'Nectarinia chalybea', TIMESTAMP '2012-05-12 00:00:00.000000', 1, 'extraction', 'occlusal', 'pending-approval', 'opt617', 'pat5012');
INSERT INTO F21_S001_22_TREATMENT
(TX_ID, TOOTH, DESCRIPTION, DATETIME, PHASE, TX_TYPE, SURFACE, STATUS, OPERATORY_ID, PATIENT_ID)
VALUES('tx105', 23, 'Macaca fuscata', TIMESTAMP '2016-11-19 00:00:00.000000', 3, 'filling', 'buccal', 'pending', 'opt602', 'pat5039');
INSERT INTO F21_S001_22_TREATMENT
(TX_ID, TOOTH, DESCRIPTION, DATETIME, PHASE, TX_TYPE, SURFACE, STATUS, OPERATORY_ID, PATIENT_ID)
VALUES('tx106', 30, 'Phalacrocorax niger', TIMESTAMP '2013-10-03 00:00:00.000000', 2, 'preventive', 'distal', 'scheduled', 'opt610', 'pat5033');
INSERT INTO F21_S001_22_TREATMENT
(TX_ID, TOOTH, DESCRIPTION, DATETIME, PHASE, TX_TYPE, SURFACE, STATUS, OPERATORY_ID, PATIENT_ID)
VALUES('tx107', 3, 'Bradypus tridactylus', TIMESTAMP '2010-08-07 00:00:00.000000', 4, 'braces', 'distal', 'completed', 'opt618', 'pat5021');
INSERT INTO F21_S001_22_TREATMENT
(TX_ID, TOOTH, DESCRIPTION, DATETIME, PHASE, TX_TYPE, SURFACE, STATUS, OPERATORY_ID, PATIENT_ID)
VALUES('tx108', 23, 'Phascogale calura', TIMESTAMP '2010-11-06 00:00:00.000000', 3, 'preventive', 'buccal', 'payment-pending', 'opt603', 'pat5034');
INSERT INTO F21_S001_22_TREATMENT
(TX_ID, TOOTH, DESCRIPTION, DATETIME, PHASE, TX_TYPE, SURFACE, STATUS, OPERATORY_ID, PATIENT_ID)
VALUES('tx109', 16, 'Felis caracal', TIMESTAMP '2008-02-18 00:00:00.000000', 3, 'filling', 'occlusal', 'payment-pending', 'opt608', 'pat5023');
INSERT INTO F21_S001_22_TREATMENT
(TX_ID, TOOTH, DESCRIPTION, DATETIME, PHASE, TX_TYPE, SURFACE, STATUS, OPERATORY_ID, PATIENT_ID)
VALUES('tx110', 13, 'Sarcorhamphus papa', TIMESTAMP '2010-02-17 00:00:00.000000', 3, 'braces', 'distal', 'payment-done', 'opt620', 'pat5005');
INSERT INTO F21_S001_22_TREATMENT
(TX_ID, TOOTH, DESCRIPTION, DATETIME, PHASE, TX_TYPE, SURFACE, STATUS, OPERATORY_ID, PATIENT_ID)
VALUES('tx111', 18, 'Paroaria gularis', TIMESTAMP '2010-02-26 00:00:00.000000', 3, 'crown', 'buccal', 'pending', 'opt611', 'pat5030');
INSERT INTO F21_S001_22_TREATMENT
(TX_ID, TOOTH, DESCRIPTION, DATETIME, PHASE, TX_TYPE, SURFACE, STATUS, OPERATORY_ID, PATIENT_ID)
VALUES('tx112', 22, 'Sagittarius serpentarius', TIMESTAMP '2010-02-09 00:00:00.000000', 1, 'braces', 'mesial', 'canceled', 'opt621', 'pat5020');
INSERT INTO F21_S001_22_TREATMENT
(TX_ID, TOOTH, DESCRIPTION, DATETIME, PHASE, TX_TYPE, SURFACE, STATUS, OPERATORY_ID, PATIENT_ID)
VALUES('tx113', 22, 'Papio cynocephalus', TIMESTAMP '2008-02-27 00:00:00.000000', 3, 'crown', 'buccal', 'payment-done', 'opt615', 'pat5035');
INSERT INTO F21_S001_22_TREATMENT
(TX_ID, TOOTH, DESCRIPTION, DATETIME, PHASE, TX_TYPE, SURFACE, STATUS, OPERATORY_ID, PATIENT_ID)
VALUES('tx114', 17, 'Sciurus vulgaris', TIMESTAMP '2019-11-07 00:00:00.000000', 3, 'filling', 'lingual', 'payment-done', 'opt603', 'pat5045');
INSERT INTO F21_S001_22_TREATMENT
(TX_ID, TOOTH, DESCRIPTION, DATETIME, PHASE, TX_TYPE, SURFACE, STATUS, OPERATORY_ID, PATIENT_ID)
VALUES('tx115', 3, 'Plectopterus gambensis', TIMESTAMP '2013-12-04 00:00:00.000000', 3, 'extraction', 'lingual', 'proposed', 'opt610', 'pat5042');
INSERT INTO F21_S001_22_TREATMENT
(TX_ID, TOOTH, DESCRIPTION, DATETIME, PHASE, TX_TYPE, SURFACE, STATUS, OPERATORY_ID, PATIENT_ID)
VALUES('tx116', 16, 'Ploceus intermedius', TIMESTAMP '2017-01-31 00:00:00.000000', 2, 'crown', 'lingual', 'pending', 'opt604', 'pat5038');
INSERT INTO F21_S001_22_TREATMENT
(TX_ID, TOOTH, DESCRIPTION, DATETIME, PHASE, TX_TYPE, SURFACE, STATUS, OPERATORY_ID, PATIENT_ID)
VALUES('tx117', 30, 'Panthera onca', TIMESTAMP '2015-03-27 00:00:00.000000', 3, 'braces', 'distal', 'completed', 'opt609', 'pat5047');
INSERT INTO F21_S001_22_TREATMENT
(TX_ID, TOOTH, DESCRIPTION, DATETIME, PHASE, TX_TYPE, SURFACE, STATUS, OPERATORY_ID, PATIENT_ID)
VALUES('tx118', 24, 'Litrocranius walleri', TIMESTAMP '2014-04-28 00:00:00.000000', 2, 'filling', 'lingual', 'completed', 'opt604', 'pat5024');
INSERT INTO F21_S001_22_TREATMENT
(TX_ID, TOOTH, DESCRIPTION, DATETIME, PHASE, TX_TYPE, SURFACE, STATUS, OPERATORY_ID, PATIENT_ID)
VALUES('tx119', 13, 'Ovis ammon', TIMESTAMP '2014-01-29 00:00:00.000000', 3, 'crown', 'mesial', 'payment-done', 'opt602', 'pat5049');
INSERT INTO F21_S001_22_TREATMENT
(TX_ID, TOOTH, DESCRIPTION, DATETIME, PHASE, TX_TYPE, SURFACE, STATUS, OPERATORY_ID, PATIENT_ID)
VALUES('tx120', 6, 'Macaca mulatta', TIMESTAMP '2015-01-07 00:00:00.000000', 1, 'implant', 'lingual', 'payment-pending', 'opt613', 'pat5044');
INSERT INTO F21_S001_22_TREATMENT
(TX_ID, TOOTH, DESCRIPTION, DATETIME, PHASE, TX_TYPE, SURFACE, STATUS, OPERATORY_ID, PATIENT_ID)
VALUES('tx121', 24, 'Trichoglossus chlorolepidotus', TIMESTAMP '2008-08-30 00:00:00.000000', 3, 'crown', 'distal', 'scheduled', 'opt608', 'pat5022');
INSERT INTO F21_S001_22_TREATMENT
(TX_ID, TOOTH, DESCRIPTION, DATETIME, PHASE, TX_TYPE, SURFACE, STATUS, OPERATORY_ID, PATIENT_ID)
VALUES('tx122', 13, 'Canis mesomelas', TIMESTAMP '2017-07-02 00:00:00.000000', 1, 'implant', 'buccal', 'payment-done', 'opt605', 'pat5037');
INSERT INTO F21_S001_22_TREATMENT
(TX_ID, TOOTH, DESCRIPTION, DATETIME, PHASE, TX_TYPE, SURFACE, STATUS, OPERATORY_ID, PATIENT_ID)
VALUES('tx123', 17, 'Morelia spilotes variegata', TIMESTAMP '2020-11-19 00:00:00.000000', 1, 'braces', 'distal', 'scheduled', 'opt613', 'pat5027');
INSERT INTO F21_S001_22_TREATMENT
(TX_ID, TOOTH, DESCRIPTION, DATETIME, PHASE, TX_TYPE, SURFACE, STATUS, OPERATORY_ID, PATIENT_ID)
VALUES('tx124', 31, 'Phalacrocorax varius', TIMESTAMP '2021-04-09 00:00:00.000000', 4, 'crown', 'buccal', 'pending', 'opt621', 'pat5037');
INSERT INTO F21_S001_22_TREATMENT
(TX_ID, TOOTH, DESCRIPTION, DATETIME, PHASE, TX_TYPE, SURFACE, STATUS, OPERATORY_ID, PATIENT_ID)
VALUES('tx125', 27, 'Anser anser', TIMESTAMP '2018-01-15 00:00:00.000000', 4, 'implant', 'mesial', 'completed', 'opt620', 'pat5004');
INSERT INTO F21_S001_22_TREATMENT
(TX_ID, TOOTH, DESCRIPTION, DATETIME, PHASE, TX_TYPE, SURFACE, STATUS, OPERATORY_ID, PATIENT_ID)
VALUES('tx126', 30, 'Oxybelis sp.', TIMESTAMP '2017-07-05 00:00:00.000000', 3, 'crown', 'buccal', 'pending-approval', 'opt602', 'pat5044');
INSERT INTO F21_S001_22_TREATMENT
(TX_ID, TOOTH, DESCRIPTION, DATETIME, PHASE, TX_TYPE, SURFACE, STATUS, OPERATORY_ID, PATIENT_ID)
VALUES('tx127', 22, 'Tiliqua scincoides', TIMESTAMP '2014-08-07 00:00:00.000000', 4, 'implant', 'lingual', 'payment-done', 'opt620', 'pat5034');
INSERT INTO F21_S001_22_TREATMENT
(TX_ID, TOOTH, DESCRIPTION, DATETIME, PHASE, TX_TYPE, SURFACE, STATUS, OPERATORY_ID, PATIENT_ID)
VALUES('tx128', 4, 'Isoodon obesulus', TIMESTAMP '2013-08-22 00:00:00.000000', 4, 'braces', 'distal', 'payment-pending', 'opt618', 'pat5024');
INSERT INTO F21_S001_22_TREATMENT
(TX_ID, TOOTH, DESCRIPTION, DATETIME, PHASE, TX_TYPE, SURFACE, STATUS, OPERATORY_ID, PATIENT_ID)
VALUES('tx129', 13, 'Isoodon obesulus', TIMESTAMP '2020-01-07 00:00:00.000000', 4, 'preventive', 'buccal', 'canceled', 'opt616', 'pat5003');
INSERT INTO F21_S001_22_TREATMENT
(TX_ID, TOOTH, DESCRIPTION, DATETIME, PHASE, TX_TYPE, SURFACE, STATUS, OPERATORY_ID, PATIENT_ID)
VALUES('tx130', 25, 'Papio cynocephalus', TIMESTAMP '2012-09-24 00:00:00.000000', 2, 'preventive', 'mesial', 'payment-done', 'opt606', 'pat5043');
INSERT INTO F21_S001_22_TREATMENT
(TX_ID, TOOTH, DESCRIPTION, DATETIME, PHASE, TX_TYPE, SURFACE, STATUS, OPERATORY_ID, PATIENT_ID)
VALUES('tx131', 23, 'Vanessa indica', TIMESTAMP '2014-01-07 00:00:00.000000', 4, 'preventive', 'buccal', 'canceled', 'opt605', 'pat5046');
INSERT INTO F21_S001_22_TREATMENT
(TX_ID, TOOTH, DESCRIPTION, DATETIME, PHASE, TX_TYPE, SURFACE, STATUS, OPERATORY_ID, PATIENT_ID)
VALUES('tx132', 10, 'Cygnus buccinator', TIMESTAMP '2011-03-25 00:00:00.000000', 2, 'extraction', 'distal', 'scheduled', 'opt618', 'pat5015');
INSERT INTO F21_S001_22_TREATMENT
(TX_ID, TOOTH, DESCRIPTION, DATETIME, PHASE, TX_TYPE, SURFACE, STATUS, OPERATORY_ID, PATIENT_ID)
VALUES('tx133', 31, 'Himantopus himantopus', TIMESTAMP '2014-01-31 00:00:00.000000', 2, 'implant', 'buccal', 'pending-approval', 'opt607', 'pat5011');
INSERT INTO F21_S001_22_TREATMENT
(TX_ID, TOOTH, DESCRIPTION, DATETIME, PHASE, TX_TYPE, SURFACE, STATUS, OPERATORY_ID, PATIENT_ID)
VALUES('tx134', 6, 'Vombatus ursinus', TIMESTAMP '2013-03-06 00:00:00.000000', 1, 'filling', 'buccal', 'payment-done', 'opt618', 'pat5012');
INSERT INTO F21_S001_22_TREATMENT
(TX_ID, TOOTH, DESCRIPTION, DATETIME, PHASE, TX_TYPE, SURFACE, STATUS, OPERATORY_ID, PATIENT_ID)
VALUES('tx135', 2, 'Petaurus norfolcensis', TIMESTAMP '2021-10-31 00:00:00.000000', 2, 'implant', 'distal', 'canceled', 'opt619', 'pat5046');
INSERT INTO F21_S001_22_TREATMENT
(TX_ID, TOOTH, DESCRIPTION, DATETIME, PHASE, TX_TYPE, SURFACE, STATUS, OPERATORY_ID, PATIENT_ID)
VALUES('tx136', 2, 'Fratercula corniculata', TIMESTAMP '2019-06-16 00:00:00.000000', 1, 'implant', 'buccal', 'completed', 'opt621', 'pat5038');
INSERT INTO F21_S001_22_TREATMENT
(TX_ID, TOOTH, DESCRIPTION, DATETIME, PHASE, TX_TYPE, SURFACE, STATUS, OPERATORY_ID, PATIENT_ID)
VALUES('tx137', 10, 'Calyptorhynchus magnificus', TIMESTAMP '2017-12-28 00:00:00.000000', 2, 'braces', 'lingual', 'payment-done', 'opt617', 'pat5016');
INSERT INTO F21_S001_22_TREATMENT
(TX_ID, TOOTH, DESCRIPTION, DATETIME, PHASE, TX_TYPE, SURFACE, STATUS, OPERATORY_ID, PATIENT_ID)
VALUES('tx138', 1, 'Egretta thula', TIMESTAMP '2012-02-19 00:00:00.000000', 1, 'crown', 'buccal', 'completed', 'opt611', 'pat5050');
INSERT INTO F21_S001_22_TREATMENT
(TX_ID, TOOTH, DESCRIPTION, DATETIME, PHASE, TX_TYPE, SURFACE, STATUS, OPERATORY_ID, PATIENT_ID)
VALUES('tx139', 15, 'Choloepus hoffmani', TIMESTAMP '2014-01-02 00:00:00.000000', 2, 'braces', 'distal', 'proposed', 'opt613', 'pat5029');
INSERT INTO F21_S001_22_TREATMENT
(TX_ID, TOOTH, DESCRIPTION, DATETIME, PHASE, TX_TYPE, SURFACE, STATUS, OPERATORY_ID, PATIENT_ID)
VALUES('tx140', 29, 'Phalaropus lobatus', TIMESTAMP '2019-08-21 00:00:00.000000', 4, 'crown', 'lingual', 'completed', 'opt606', 'pat5022');
INSERT INTO F21_S001_22_TREATMENT
(TX_ID, TOOTH, DESCRIPTION, DATETIME, PHASE, TX_TYPE, SURFACE, STATUS, OPERATORY_ID, PATIENT_ID)
VALUES('tx141', 16, 'Canis aureus', TIMESTAMP '2021-03-14 00:00:00.000000', 2, 'preventive', 'buccal', 'canceled', 'opt613', 'pat5014');
INSERT INTO F21_S001_22_TREATMENT
(TX_ID, TOOTH, DESCRIPTION, DATETIME, PHASE, TX_TYPE, SURFACE, STATUS, OPERATORY_ID, PATIENT_ID)
VALUES('tx142', 24, 'Agouti paca', TIMESTAMP '2018-05-24 00:00:00.000000', 1, 'extraction', 'buccal', 'completed', 'opt613', 'pat5039');
INSERT INTO F21_S001_22_TREATMENT
(TX_ID, TOOTH, DESCRIPTION, DATETIME, PHASE, TX_TYPE, SURFACE, STATUS, OPERATORY_ID, PATIENT_ID)
VALUES('tx143', 13, 'Corvus brachyrhynchos', TIMESTAMP '2020-06-16 00:00:00.000000', 4, 'filling', 'lingual', 'scheduled', 'opt601', 'pat5040');
INSERT INTO F21_S001_22_TREATMENT
(TX_ID, TOOTH, DESCRIPTION, DATETIME, PHASE, TX_TYPE, SURFACE, STATUS, OPERATORY_ID, PATIENT_ID)
VALUES('tx144', 22, 'Psophia viridis', TIMESTAMP '2014-01-23 00:00:00.000000', 3, 'crown', 'distal', 'payment-done', 'opt601', 'pat5025');
INSERT INTO F21_S001_22_TREATMENT
(TX_ID, TOOTH, DESCRIPTION, DATETIME, PHASE, TX_TYPE, SURFACE, STATUS, OPERATORY_ID, PATIENT_ID)
VALUES('tx145', 10, 'Crocuta crocuta', TIMESTAMP '2015-01-27 00:00:00.000000', 2, 'crown', 'buccal', 'pending-approval', 'opt617', 'pat5014');
INSERT INTO F21_S001_22_TREATMENT
(TX_ID, TOOTH, DESCRIPTION, DATETIME, PHASE, TX_TYPE, SURFACE, STATUS, OPERATORY_ID, PATIENT_ID)
VALUES('tx146', 20, 'Papio cynocephalus', TIMESTAMP '2016-01-24 00:00:00.000000', 3, 'braces', 'lingual', 'pending-approval', 'opt605', 'pat5038');
INSERT INTO F21_S001_22_TREATMENT
(TX_ID, TOOTH, DESCRIPTION, DATETIME, PHASE, TX_TYPE, SURFACE, STATUS, OPERATORY_ID, PATIENT_ID)
VALUES('tx147', 11, 'Cygnus atratus', TIMESTAMP '2008-06-26 00:00:00.000000', 2, 'extraction', 'distal', 'scheduled', 'opt615', 'pat5040');
INSERT INTO F21_S001_22_TREATMENT
(TX_ID, TOOTH, DESCRIPTION, DATETIME, PHASE, TX_TYPE, SURFACE, STATUS, OPERATORY_ID, PATIENT_ID)
VALUES('tx148', 9, 'Sceloporus magister', TIMESTAMP '2017-07-10 00:00:00.000000', 3, 'braces', 'distal', 'proposed', 'opt612', 'pat5032');
INSERT INTO F21_S001_22_TREATMENT
(TX_ID, TOOTH, DESCRIPTION, DATETIME, PHASE, TX_TYPE, SURFACE, STATUS, OPERATORY_ID, PATIENT_ID)
VALUES('tx149', 12, 'Agouti paca', TIMESTAMP '2011-03-25 00:00:00.000000', 4, 'implant', 'lingual', 'scheduled', 'opt611', 'pat5039');
INSERT INTO F21_S001_22_TREATMENT
(TX_ID, TOOTH, DESCRIPTION, DATETIME, PHASE, TX_TYPE, SURFACE, STATUS, OPERATORY_ID, PATIENT_ID)
VALUES('tx150', 6, 'Phalaropus lobatus', TIMESTAMP '2012-08-26 00:00:00.000000', 1, 'braces', 'distal', 'payment-pending', 'opt608', 'pat5014');

-- ---------------------------------------------------------------------------------------------
-- Query to insert data to table F21_S001_22_treatment_doneby
-- ---------------------------------------------------------------------------------------------

INSERT INTO F21_S001_22_TREATMENT_DONEBY
(TX_ID, EMP_ID)
VALUES('tx1', 'emp1025');
INSERT INTO F21_S001_22_TREATMENT_DONEBY
(TX_ID, EMP_ID)
VALUES('tx2', 'emp1006');
INSERT INTO F21_S001_22_TREATMENT_DONEBY
(TX_ID, EMP_ID)
VALUES('tx3', 'emp1013');
INSERT INTO F21_S001_22_TREATMENT_DONEBY
(TX_ID, EMP_ID)
VALUES('tx4', 'emp1001');
INSERT INTO F21_S001_22_TREATMENT_DONEBY
(TX_ID, EMP_ID)
VALUES('tx5', 'emp1008');
INSERT INTO F21_S001_22_TREATMENT_DONEBY
(TX_ID, EMP_ID)
VALUES('tx6', 'emp1020');
INSERT INTO F21_S001_22_TREATMENT_DONEBY
(TX_ID, EMP_ID)
VALUES('tx7', 'emp1018');
INSERT INTO F21_S001_22_TREATMENT_DONEBY
(TX_ID, EMP_ID)
VALUES('tx8', 'emp1016');
INSERT INTO F21_S001_22_TREATMENT_DONEBY
(TX_ID, EMP_ID)
VALUES('tx9', 'emp1033');
INSERT INTO F21_S001_22_TREATMENT_DONEBY
(TX_ID, EMP_ID)
VALUES('tx10', 'emp1030');
INSERT INTO F21_S001_22_TREATMENT_DONEBY
(TX_ID, EMP_ID)
VALUES('tx11', 'emp1025');
INSERT INTO F21_S001_22_TREATMENT_DONEBY
(TX_ID, EMP_ID)
VALUES('tx12', 'emp1035');
INSERT INTO F21_S001_22_TREATMENT_DONEBY
(TX_ID, EMP_ID)
VALUES('tx13', 'emp1031');
INSERT INTO F21_S001_22_TREATMENT_DONEBY
(TX_ID, EMP_ID)
VALUES('tx14', 'emp1008');
INSERT INTO F21_S001_22_TREATMENT_DONEBY
(TX_ID, EMP_ID)
VALUES('tx15', 'emp1026');
INSERT INTO F21_S001_22_TREATMENT_DONEBY
(TX_ID, EMP_ID)
VALUES('tx16', 'emp1013');
INSERT INTO F21_S001_22_TREATMENT_DONEBY
(TX_ID, EMP_ID)
VALUES('tx17', 'emp1028');
INSERT INTO F21_S001_22_TREATMENT_DONEBY
(TX_ID, EMP_ID)
VALUES('tx18', 'emp1008');
INSERT INTO F21_S001_22_TREATMENT_DONEBY
(TX_ID, EMP_ID)
VALUES('tx19', 'emp1006');
INSERT INTO F21_S001_22_TREATMENT_DONEBY
(TX_ID, EMP_ID)
VALUES('tx20', 'emp1001');
INSERT INTO F21_S001_22_TREATMENT_DONEBY
(TX_ID, EMP_ID)
VALUES('tx21', 'emp1016');
INSERT INTO F21_S001_22_TREATMENT_DONEBY
(TX_ID, EMP_ID)
VALUES('tx22', 'emp1033');
INSERT INTO F21_S001_22_TREATMENT_DONEBY
(TX_ID, EMP_ID)
VALUES('tx23', 'emp1006');
INSERT INTO F21_S001_22_TREATMENT_DONEBY
(TX_ID, EMP_ID)
VALUES('tx24', 'emp1035');
INSERT INTO F21_S001_22_TREATMENT_DONEBY
(TX_ID, EMP_ID)
VALUES('tx25', 'emp1028');
INSERT INTO F21_S001_22_TREATMENT_DONEBY
(TX_ID, EMP_ID)
VALUES('tx26', 'emp1025');
INSERT INTO F21_S001_22_TREATMENT_DONEBY
(TX_ID, EMP_ID)
VALUES('tx27', 'emp1010');
INSERT INTO F21_S001_22_TREATMENT_DONEBY
(TX_ID, EMP_ID)
VALUES('tx28', 'emp1008');
INSERT INTO F21_S001_22_TREATMENT_DONEBY
(TX_ID, EMP_ID)
VALUES('tx29', 'emp1010');
INSERT INTO F21_S001_22_TREATMENT_DONEBY
(TX_ID, EMP_ID)
VALUES('tx30', 'emp1008');
INSERT INTO F21_S001_22_TREATMENT_DONEBY
(TX_ID, EMP_ID)
VALUES('tx31', 'emp1033');
INSERT INTO F21_S001_22_TREATMENT_DONEBY
(TX_ID, EMP_ID)
VALUES('tx32', 'emp1025');
INSERT INTO F21_S001_22_TREATMENT_DONEBY
(TX_ID, EMP_ID)
VALUES('tx33', 'emp1011');
INSERT INTO F21_S001_22_TREATMENT_DONEBY
(TX_ID, EMP_ID)
VALUES('tx34', 'emp1018');
INSERT INTO F21_S001_22_TREATMENT_DONEBY
(TX_ID, EMP_ID)
VALUES('tx35', 'emp1021');
INSERT INTO F21_S001_22_TREATMENT_DONEBY
(TX_ID, EMP_ID)
VALUES('tx36', 'emp1020');
INSERT INTO F21_S001_22_TREATMENT_DONEBY
(TX_ID, EMP_ID)
VALUES('tx37', 'emp1023');
INSERT INTO F21_S001_22_TREATMENT_DONEBY
(TX_ID, EMP_ID)
VALUES('tx38', 'emp1010');
INSERT INTO F21_S001_22_TREATMENT_DONEBY
(TX_ID, EMP_ID)
VALUES('tx39', 'emp1016');
INSERT INTO F21_S001_22_TREATMENT_DONEBY
(TX_ID, EMP_ID)
VALUES('tx40', 'emp1028');
INSERT INTO F21_S001_22_TREATMENT_DONEBY
(TX_ID, EMP_ID)
VALUES('tx41', 'emp1026');
INSERT INTO F21_S001_22_TREATMENT_DONEBY
(TX_ID, EMP_ID)
VALUES('tx42', 'emp1015');
INSERT INTO F21_S001_22_TREATMENT_DONEBY
(TX_ID, EMP_ID)
VALUES('tx43', 'emp1020');
INSERT INTO F21_S001_22_TREATMENT_DONEBY
(TX_ID, EMP_ID)
VALUES('tx44', 'emp1006');
INSERT INTO F21_S001_22_TREATMENT_DONEBY
(TX_ID, EMP_ID)
VALUES('tx45', 'emp1015');
INSERT INTO F21_S001_22_TREATMENT_DONEBY
(TX_ID, EMP_ID)
VALUES('tx46', 'emp1011');
INSERT INTO F21_S001_22_TREATMENT_DONEBY
(TX_ID, EMP_ID)
VALUES('tx47', 'emp1018');
INSERT INTO F21_S001_22_TREATMENT_DONEBY
(TX_ID, EMP_ID)
VALUES('tx48', 'emp1033');
INSERT INTO F21_S001_22_TREATMENT_DONEBY
(TX_ID, EMP_ID)
VALUES('tx49', 'emp1006');
INSERT INTO F21_S001_22_TREATMENT_DONEBY
(TX_ID, EMP_ID)
VALUES('tx50', 'emp1003');
INSERT INTO F21_S001_22_TREATMENT_DONEBY
(TX_ID, EMP_ID)
VALUES('tx51', 'emp1031');
INSERT INTO F21_S001_22_TREATMENT_DONEBY
(TX_ID, EMP_ID)
VALUES('tx52', 'emp1008');
INSERT INTO F21_S001_22_TREATMENT_DONEBY
(TX_ID, EMP_ID)
VALUES('tx53', 'emp1016');
INSERT INTO F21_S001_22_TREATMENT_DONEBY
(TX_ID, EMP_ID)
VALUES('tx54', 'emp1001');
INSERT INTO F21_S001_22_TREATMENT_DONEBY
(TX_ID, EMP_ID)
VALUES('tx55', 'emp1010');
INSERT INTO F21_S001_22_TREATMENT_DONEBY
(TX_ID, EMP_ID)
VALUES('tx56', 'emp1020');
INSERT INTO F21_S001_22_TREATMENT_DONEBY
(TX_ID, EMP_ID)
VALUES('tx57', 'emp1020');
INSERT INTO F21_S001_22_TREATMENT_DONEBY
(TX_ID, EMP_ID)
VALUES('tx58', 'emp1008');
INSERT INTO F21_S001_22_TREATMENT_DONEBY
(TX_ID, EMP_ID)
VALUES('tx59', 'emp1001');
INSERT INTO F21_S001_22_TREATMENT_DONEBY
(TX_ID, EMP_ID)
VALUES('tx60', 'emp1023');
INSERT INTO F21_S001_22_TREATMENT_DONEBY
(TX_ID, EMP_ID)
VALUES('tx61', 'emp1005');
INSERT INTO F21_S001_22_TREATMENT_DONEBY
(TX_ID, EMP_ID)
VALUES('tx62', 'emp1023');
INSERT INTO F21_S001_22_TREATMENT_DONEBY
(TX_ID, EMP_ID)
VALUES('tx63', 'emp1008');
INSERT INTO F21_S001_22_TREATMENT_DONEBY
(TX_ID, EMP_ID)
VALUES('tx64', 'emp1005');
INSERT INTO F21_S001_22_TREATMENT_DONEBY
(TX_ID, EMP_ID)
VALUES('tx65', 'emp1006');
INSERT INTO F21_S001_22_TREATMENT_DONEBY
(TX_ID, EMP_ID)
VALUES('tx66', 'emp1021');
INSERT INTO F21_S001_22_TREATMENT_DONEBY
(TX_ID, EMP_ID)
VALUES('tx67', 'emp1006');
INSERT INTO F21_S001_22_TREATMENT_DONEBY
(TX_ID, EMP_ID)
VALUES('tx68', 'emp1033');
INSERT INTO F21_S001_22_TREATMENT_DONEBY
(TX_ID, EMP_ID)
VALUES('tx69', 'emp1030');
INSERT INTO F21_S001_22_TREATMENT_DONEBY
(TX_ID, EMP_ID)
VALUES('tx70', 'emp1025');
INSERT INTO F21_S001_22_TREATMENT_DONEBY
(TX_ID, EMP_ID)
VALUES('tx71', 'emp1030');
INSERT INTO F21_S001_22_TREATMENT_DONEBY
(TX_ID, EMP_ID)
VALUES('tx72', 'emp1023');
INSERT INTO F21_S001_22_TREATMENT_DONEBY
(TX_ID, EMP_ID)
VALUES('tx73', 'emp1015');
INSERT INTO F21_S001_22_TREATMENT_DONEBY
(TX_ID, EMP_ID)
VALUES('tx74', 'emp1018');
INSERT INTO F21_S001_22_TREATMENT_DONEBY
(TX_ID, EMP_ID)
VALUES('tx75', 'emp1006');
INSERT INTO F21_S001_22_TREATMENT_DONEBY
(TX_ID, EMP_ID)
VALUES('tx76', 'emp1011');
INSERT INTO F21_S001_22_TREATMENT_DONEBY
(TX_ID, EMP_ID)
VALUES('tx77', 'emp1023');
INSERT INTO F21_S001_22_TREATMENT_DONEBY
(TX_ID, EMP_ID)
VALUES('tx78', 'emp1016');
INSERT INTO F21_S001_22_TREATMENT_DONEBY
(TX_ID, EMP_ID)
VALUES('tx79', 'emp1016');
INSERT INTO F21_S001_22_TREATMENT_DONEBY
(TX_ID, EMP_ID)
VALUES('tx80', 'emp1035');
INSERT INTO F21_S001_22_TREATMENT_DONEBY
(TX_ID, EMP_ID)
VALUES('tx81', 'emp1033');
INSERT INTO F21_S001_22_TREATMENT_DONEBY
(TX_ID, EMP_ID)
VALUES('tx82', 'emp1011');
INSERT INTO F21_S001_22_TREATMENT_DONEBY
(TX_ID, EMP_ID)
VALUES('tx83', 'emp1013');
INSERT INTO F21_S001_22_TREATMENT_DONEBY
(TX_ID, EMP_ID)
VALUES('tx84', 'emp1003');
INSERT INTO F21_S001_22_TREATMENT_DONEBY
(TX_ID, EMP_ID)
VALUES('tx85', 'emp1020');
INSERT INTO F21_S001_22_TREATMENT_DONEBY
(TX_ID, EMP_ID)
VALUES('tx86', 'emp1023');
INSERT INTO F21_S001_22_TREATMENT_DONEBY
(TX_ID, EMP_ID)
VALUES('tx87', 'emp1008');
INSERT INTO F21_S001_22_TREATMENT_DONEBY
(TX_ID, EMP_ID)
VALUES('tx88', 'emp1008');
INSERT INTO F21_S001_22_TREATMENT_DONEBY
(TX_ID, EMP_ID)
VALUES('tx89', 'emp1020');
INSERT INTO F21_S001_22_TREATMENT_DONEBY
(TX_ID, EMP_ID)
VALUES('tx90', 'emp1025');
INSERT INTO F21_S001_22_TREATMENT_DONEBY
(TX_ID, EMP_ID)
VALUES('tx91', 'emp1025');
INSERT INTO F21_S001_22_TREATMENT_DONEBY
(TX_ID, EMP_ID)
VALUES('tx92', 'emp1018');
INSERT INTO F21_S001_22_TREATMENT_DONEBY
(TX_ID, EMP_ID)
VALUES('tx93', 'emp1011');
INSERT INTO F21_S001_22_TREATMENT_DONEBY
(TX_ID, EMP_ID)
VALUES('tx94', 'emp1018');
INSERT INTO F21_S001_22_TREATMENT_DONEBY
(TX_ID, EMP_ID)
VALUES('tx95', 'emp1020');
INSERT INTO F21_S001_22_TREATMENT_DONEBY
(TX_ID, EMP_ID)
VALUES('tx96', 'emp1023');
INSERT INTO F21_S001_22_TREATMENT_DONEBY
(TX_ID, EMP_ID)
VALUES('tx97', 'emp1015');
INSERT INTO F21_S001_22_TREATMENT_DONEBY
(TX_ID, EMP_ID)
VALUES('tx98', 'emp1028');
INSERT INTO F21_S001_22_TREATMENT_DONEBY
(TX_ID, EMP_ID)
VALUES('tx99', 'emp1023');
INSERT INTO F21_S001_22_TREATMENT_DONEBY
(TX_ID, EMP_ID)
VALUES('tx100', 'emp1033');
INSERT INTO F21_S001_22_TREATMENT_DONEBY
(TX_ID, EMP_ID)
VALUES('tx101', 'emp1021');
INSERT INTO F21_S001_22_TREATMENT_DONEBY
(TX_ID, EMP_ID)
VALUES('tx102', 'emp1010');
INSERT INTO F21_S001_22_TREATMENT_DONEBY
(TX_ID, EMP_ID)
VALUES('tx103', 'emp1016');
INSERT INTO F21_S001_22_TREATMENT_DONEBY
(TX_ID, EMP_ID)
VALUES('tx104', 'emp1013');
INSERT INTO F21_S001_22_TREATMENT_DONEBY
(TX_ID, EMP_ID)
VALUES('tx105', 'emp1020');
INSERT INTO F21_S001_22_TREATMENT_DONEBY
(TX_ID, EMP_ID)
VALUES('tx106', 'emp1033');
INSERT INTO F21_S001_22_TREATMENT_DONEBY
(TX_ID, EMP_ID)
VALUES('tx107', 'emp1006');
INSERT INTO F21_S001_22_TREATMENT_DONEBY
(TX_ID, EMP_ID)
VALUES('tx108', 'emp1008');
INSERT INTO F21_S001_22_TREATMENT_DONEBY
(TX_ID, EMP_ID)
VALUES('tx109', 'emp1030');
INSERT INTO F21_S001_22_TREATMENT_DONEBY
(TX_ID, EMP_ID)
VALUES('tx110', 'emp1015');
INSERT INTO F21_S001_22_TREATMENT_DONEBY
(TX_ID, EMP_ID)
VALUES('tx111', 'emp1031');
INSERT INTO F21_S001_22_TREATMENT_DONEBY
(TX_ID, EMP_ID)
VALUES('tx112', 'emp1015');
INSERT INTO F21_S001_22_TREATMENT_DONEBY
(TX_ID, EMP_ID)
VALUES('tx113', 'emp1008');
INSERT INTO F21_S001_22_TREATMENT_DONEBY
(TX_ID, EMP_ID)
VALUES('tx114', 'emp1031');
INSERT INTO F21_S001_22_TREATMENT_DONEBY
(TX_ID, EMP_ID)
VALUES('tx115', 'emp1013');
INSERT INTO F21_S001_22_TREATMENT_DONEBY
(TX_ID, EMP_ID)
VALUES('tx116', 'emp1011');
INSERT INTO F21_S001_22_TREATMENT_DONEBY
(TX_ID, EMP_ID)
VALUES('tx117', 'emp1006');
INSERT INTO F21_S001_22_TREATMENT_DONEBY
(TX_ID, EMP_ID)
VALUES('tx118', 'emp1035');
INSERT INTO F21_S001_22_TREATMENT_DONEBY
(TX_ID, EMP_ID)
VALUES('tx119', 'emp1015');
INSERT INTO F21_S001_22_TREATMENT_DONEBY
(TX_ID, EMP_ID)
VALUES('tx120', 'emp1030');
INSERT INTO F21_S001_22_TREATMENT_DONEBY
(TX_ID, EMP_ID)
VALUES('tx121', 'emp1006');
INSERT INTO F21_S001_22_TREATMENT_DONEBY
(TX_ID, EMP_ID)
VALUES('tx122', 'emp1025');
INSERT INTO F21_S001_22_TREATMENT_DONEBY
(TX_ID, EMP_ID)
VALUES('tx123', 'emp1025');
INSERT INTO F21_S001_22_TREATMENT_DONEBY
(TX_ID, EMP_ID)
VALUES('tx124', 'emp1025');
INSERT INTO F21_S001_22_TREATMENT_DONEBY
(TX_ID, EMP_ID)
VALUES('tx125', 'emp1015');
INSERT INTO F21_S001_22_TREATMENT_DONEBY
(TX_ID, EMP_ID)
VALUES('tx126', 'emp1026');
INSERT INTO F21_S001_22_TREATMENT_DONEBY
(TX_ID, EMP_ID)
VALUES('tx127', 'emp1033');
INSERT INTO F21_S001_22_TREATMENT_DONEBY
(TX_ID, EMP_ID)
VALUES('tx128', 'emp1023');
INSERT INTO F21_S001_22_TREATMENT_DONEBY
(TX_ID, EMP_ID)
VALUES('tx129', 'emp1023');
INSERT INTO F21_S001_22_TREATMENT_DONEBY
(TX_ID, EMP_ID)
VALUES('tx130', 'emp1001');
INSERT INTO F21_S001_22_TREATMENT_DONEBY
(TX_ID, EMP_ID)
VALUES('tx131', 'emp1006');
INSERT INTO F21_S001_22_TREATMENT_DONEBY
(TX_ID, EMP_ID)
VALUES('tx132', 'emp1016');
INSERT INTO F21_S001_22_TREATMENT_DONEBY
(TX_ID, EMP_ID)
VALUES('tx133', 'emp1033');
INSERT INTO F21_S001_22_TREATMENT_DONEBY
(TX_ID, EMP_ID)
VALUES('tx134', 'emp1010');
INSERT INTO F21_S001_22_TREATMENT_DONEBY
(TX_ID, EMP_ID)
VALUES('tx135', 'emp1026');
INSERT INTO F21_S001_22_TREATMENT_DONEBY
(TX_ID, EMP_ID)
VALUES('tx136', 'emp1035');
INSERT INTO F21_S001_22_TREATMENT_DONEBY
(TX_ID, EMP_ID)
VALUES('tx137', 'emp1021');
INSERT INTO F21_S001_22_TREATMENT_DONEBY
(TX_ID, EMP_ID)
VALUES('tx138', 'emp1023');
INSERT INTO F21_S001_22_TREATMENT_DONEBY
(TX_ID, EMP_ID)
VALUES('tx139', 'emp1013');
INSERT INTO F21_S001_22_TREATMENT_DONEBY
(TX_ID, EMP_ID)
VALUES('tx140', 'emp1025');
INSERT INTO F21_S001_22_TREATMENT_DONEBY
(TX_ID, EMP_ID)
VALUES('tx141', 'emp1021');
INSERT INTO F21_S001_22_TREATMENT_DONEBY
(TX_ID, EMP_ID)
VALUES('tx142', 'emp1011');
INSERT INTO F21_S001_22_TREATMENT_DONEBY
(TX_ID, EMP_ID)
VALUES('tx143', 'emp1008');
INSERT INTO F21_S001_22_TREATMENT_DONEBY
(TX_ID, EMP_ID)
VALUES('tx144', 'emp1028');
INSERT INTO F21_S001_22_TREATMENT_DONEBY
(TX_ID, EMP_ID)
VALUES('tx145', 'emp1026');
INSERT INTO F21_S001_22_TREATMENT_DONEBY
(TX_ID, EMP_ID)
VALUES('tx146', 'emp1005');
INSERT INTO F21_S001_22_TREATMENT_DONEBY
(TX_ID, EMP_ID)
VALUES('tx147', 'emp1021');
INSERT INTO F21_S001_22_TREATMENT_DONEBY
(TX_ID, EMP_ID)
VALUES('tx148', 'emp1018');
INSERT INTO F21_S001_22_TREATMENT_DONEBY
(TX_ID, EMP_ID)
VALUES('tx149', 'emp1001');
INSERT INTO F21_S001_22_TREATMENT_DONEBY
(TX_ID, EMP_ID)
VALUES('tx150', 'emp1023');
INSERT INTO F21_S001_22_TREATMENT_DONEBY
(TX_ID, EMP_ID)
VALUES('tx3', 'emp1006');
INSERT INTO F21_S001_22_TREATMENT_DONEBY
(TX_ID, EMP_ID)
VALUES('tx5', 'emp1013');
INSERT INTO F21_S001_22_TREATMENT_DONEBY
(TX_ID, EMP_ID)
VALUES('tx6', 'emp1001');
INSERT INTO F21_S001_22_TREATMENT_DONEBY
(TX_ID, EMP_ID)
VALUES('tx11', 'emp1008');
INSERT INTO F21_S001_22_TREATMENT_DONEBY
(TX_ID, EMP_ID)
VALUES('tx12', 'emp1020');
INSERT INTO F21_S001_22_TREATMENT_DONEBY
(TX_ID, EMP_ID)
VALUES('tx13', 'emp1018');
INSERT INTO F21_S001_22_TREATMENT_DONEBY
(TX_ID, EMP_ID)
VALUES('tx15', 'emp1016');
INSERT INTO F21_S001_22_TREATMENT_DONEBY
(TX_ID, EMP_ID)
VALUES('tx17', 'emp1033');
INSERT INTO F21_S001_22_TREATMENT_DONEBY
(TX_ID, EMP_ID)
VALUES('tx18', 'emp1030');
INSERT INTO F21_S001_22_TREATMENT_DONEBY
(TX_ID, EMP_ID)
VALUES('tx19', 'emp1035');
INSERT INTO F21_S001_22_TREATMENT_DONEBY
(TX_ID, EMP_ID)
VALUES('tx21', 'emp1031');
INSERT INTO F21_S001_22_TREATMENT_DONEBY
(TX_ID, EMP_ID)
VALUES('tx25', 'emp1008');
INSERT INTO F21_S001_22_TREATMENT_DONEBY
(TX_ID, EMP_ID)
VALUES('tx26', 'emp1026');
INSERT INTO F21_S001_22_TREATMENT_DONEBY
(TX_ID, EMP_ID)
VALUES('tx27', 'emp1028');
INSERT INTO F21_S001_22_TREATMENT_DONEBY
(TX_ID, EMP_ID)
VALUES('tx29', 'emp1025');
INSERT INTO F21_S001_22_TREATMENT_DONEBY
(TX_ID, EMP_ID)
VALUES('tx30', 'emp1010');
INSERT INTO F21_S001_22_TREATMENT_DONEBY
(TX_ID, EMP_ID)
VALUES('tx33', 'emp1006');
INSERT INTO F21_S001_22_TREATMENT_DONEBY
(TX_ID, EMP_ID)
VALUES('tx34', 'emp1013');
INSERT INTO F21_S001_22_TREATMENT_DONEBY
(TX_ID, EMP_ID)
VALUES('tx36', 'emp1001');
INSERT INTO F21_S001_22_TREATMENT_DONEBY
(TX_ID, EMP_ID)
VALUES('tx40', 'emp1008');
INSERT INTO F21_S001_22_TREATMENT_DONEBY
(TX_ID, EMP_ID)
VALUES('tx41', 'emp1020');
INSERT INTO F21_S001_22_TREATMENT_DONEBY
(TX_ID, EMP_ID)
VALUES('tx44', 'emp1018');
INSERT INTO F21_S001_22_TREATMENT_DONEBY
(TX_ID, EMP_ID)
VALUES('tx45', 'emp1016');
INSERT INTO F21_S001_22_TREATMENT_DONEBY
(TX_ID, EMP_ID)
VALUES('tx46', 'emp1033');
INSERT INTO F21_S001_22_TREATMENT_DONEBY
(TX_ID, EMP_ID)
VALUES('tx47', 'emp1030');
INSERT INTO F21_S001_22_TREATMENT_DONEBY
(TX_ID, EMP_ID)
VALUES('tx48', 'emp1035');
INSERT INTO F21_S001_22_TREATMENT_DONEBY
(TX_ID, EMP_ID)
VALUES('tx49', 'emp1031');
INSERT INTO F21_S001_22_TREATMENT_DONEBY
(TX_ID, EMP_ID)
VALUES('tx54', 'emp1026');
INSERT INTO F21_S001_22_TREATMENT_DONEBY
(TX_ID, EMP_ID)
VALUES('tx55', 'emp1028');
INSERT INTO F21_S001_22_TREATMENT_DONEBY
(TX_ID, EMP_ID)
VALUES('tx56', 'emp1025');
INSERT INTO F21_S001_22_TREATMENT_DONEBY
(TX_ID, EMP_ID)
VALUES('tx57', 'emp1010');
INSERT INTO F21_S001_22_TREATMENT_DONEBY
(TX_ID, EMP_ID)
VALUES('tx60', 'emp1025');
INSERT INTO F21_S001_22_TREATMENT_DONEBY
(TX_ID, EMP_ID)
VALUES('tx61', 'emp1006');
INSERT INTO F21_S001_22_TREATMENT_DONEBY
(TX_ID, EMP_ID)
VALUES('tx64', 'emp1013');
INSERT INTO F21_S001_22_TREATMENT_DONEBY
(TX_ID, EMP_ID)
VALUES('tx66', 'emp1001');
INSERT INTO F21_S001_22_TREATMENT_DONEBY
(TX_ID, EMP_ID)
VALUES('tx67', 'emp1008');
INSERT INTO F21_S001_22_TREATMENT_DONEBY
(TX_ID, EMP_ID)
VALUES('tx68', 'emp1020');
INSERT INTO F21_S001_22_TREATMENT_DONEBY
(TX_ID, EMP_ID)
VALUES('tx72', 'emp1018');
INSERT INTO F21_S001_22_TREATMENT_DONEBY
(TX_ID, EMP_ID)
VALUES('tx73', 'emp1016');
INSERT INTO F21_S001_22_TREATMENT_DONEBY
(TX_ID, EMP_ID)
VALUES('tx75', 'emp1033');
INSERT INTO F21_S001_22_TREATMENT_DONEBY
(TX_ID, EMP_ID)
VALUES('tx76', 'emp1030');
INSERT INTO F21_S001_22_TREATMENT_DONEBY
(TX_ID, EMP_ID)
VALUES('tx77', 'emp1035');
INSERT INTO F21_S001_22_TREATMENT_DONEBY
(TX_ID, EMP_ID)
VALUES('tx81', 'emp1031');
INSERT INTO F21_S001_22_TREATMENT_DONEBY
(TX_ID, EMP_ID)
VALUES('tx82', 'emp1008');
INSERT INTO F21_S001_22_TREATMENT_DONEBY
(TX_ID, EMP_ID)
VALUES('tx83', 'emp1026');
INSERT INTO F21_S001_22_TREATMENT_DONEBY
(TX_ID, EMP_ID)
VALUES('tx86', 'emp1028');
INSERT INTO F21_S001_22_TREATMENT_DONEBY
(TX_ID, EMP_ID)
VALUES('tx87', 'emp1025');
INSERT INTO F21_S001_22_TREATMENT_DONEBY
(TX_ID, EMP_ID)
VALUES('tx91', 'emp1010');
INSERT INTO F21_S001_22_TREATMENT_DONEBY
(TX_ID, EMP_ID)
VALUES('tx92', 'emp1025');
INSERT INTO F21_S001_22_TREATMENT_DONEBY
(TX_ID, EMP_ID)
VALUES('tx94', 'emp1006');
INSERT INTO F21_S001_22_TREATMENT_DONEBY
(TX_ID, EMP_ID)
VALUES('tx96', 'emp1013');
INSERT INTO F21_S001_22_TREATMENT_DONEBY
(TX_ID, EMP_ID)
VALUES('tx98', 'emp1001');
INSERT INTO F21_S001_22_TREATMENT_DONEBY
(TX_ID, EMP_ID)
VALUES('tx99', 'emp1008');
INSERT INTO F21_S001_22_TREATMENT_DONEBY
(TX_ID, EMP_ID)
VALUES('tx102', 'emp1020');
INSERT INTO F21_S001_22_TREATMENT_DONEBY
(TX_ID, EMP_ID)
VALUES('tx103', 'emp1018');
INSERT INTO F21_S001_22_TREATMENT_DONEBY
(TX_ID, EMP_ID)
VALUES('tx106', 'emp1016');
INSERT INTO F21_S001_22_TREATMENT_DONEBY
(TX_ID, EMP_ID)
VALUES('tx107', 'emp1033');
INSERT INTO F21_S001_22_TREATMENT_DONEBY
(TX_ID, EMP_ID)
VALUES('tx108', 'emp1030');
INSERT INTO F21_S001_22_TREATMENT_DONEBY
(TX_ID, EMP_ID)
VALUES('tx110', 'emp1035');
INSERT INTO F21_S001_22_TREATMENT_DONEBY
(TX_ID, EMP_ID)
VALUES('tx112', 'emp1008');
INSERT INTO F21_S001_22_TREATMENT_DONEBY
(TX_ID, EMP_ID)
VALUES('tx114', 'emp1026');
INSERT INTO F21_S001_22_TREATMENT_DONEBY
(TX_ID, EMP_ID)
VALUES('tx115', 'emp1028');
INSERT INTO F21_S001_22_TREATMENT_DONEBY
(TX_ID, EMP_ID)
VALUES('tx117', 'emp1025');
INSERT INTO F21_S001_22_TREATMENT_DONEBY
(TX_ID, EMP_ID)
VALUES('tx118', 'emp1010');
INSERT INTO F21_S001_22_TREATMENT_DONEBY
(TX_ID, EMP_ID)
VALUES('tx123', 'emp1006');
INSERT INTO F21_S001_22_TREATMENT_DONEBY
(TX_ID, EMP_ID)
VALUES('tx125', 'emp1013');
INSERT INTO F21_S001_22_TREATMENT_DONEBY
(TX_ID, EMP_ID)
VALUES('tx127', 'emp1001');
INSERT INTO F21_S001_22_TREATMENT_DONEBY
(TX_ID, EMP_ID)
VALUES('tx128', 'emp1008');
INSERT INTO F21_S001_22_TREATMENT_DONEBY
(TX_ID, EMP_ID)
VALUES('tx129', 'emp1020');
INSERT INTO F21_S001_22_TREATMENT_DONEBY
(TX_ID, EMP_ID)
VALUES('tx130', 'emp1018');
INSERT INTO F21_S001_22_TREATMENT_DONEBY
(TX_ID, EMP_ID)
VALUES('tx134', 'emp1016');
INSERT INTO F21_S001_22_TREATMENT_DONEBY
(TX_ID, EMP_ID)
VALUES('tx135', 'emp1033');
INSERT INTO F21_S001_22_TREATMENT_DONEBY
(TX_ID, EMP_ID)
VALUES('tx136', 'emp1030');
INSERT INTO F21_S001_22_TREATMENT_DONEBY
(TX_ID, EMP_ID)
VALUES('tx138', 'emp1035');
INSERT INTO F21_S001_22_TREATMENT_DONEBY
(TX_ID, EMP_ID)
VALUES('tx140', 'emp1031');
INSERT INTO F21_S001_22_TREATMENT_DONEBY
(TX_ID, EMP_ID)
VALUES('tx142', 'emp1008');
INSERT INTO F21_S001_22_TREATMENT_DONEBY
(TX_ID, EMP_ID)
VALUES('tx143', 'emp1026');
INSERT INTO F21_S001_22_TREATMENT_DONEBY
(TX_ID, EMP_ID)
VALUES('tx145', 'emp1028');
INSERT INTO F21_S001_22_TREATMENT_DONEBY
(TX_ID, EMP_ID)
VALUES('tx146', 'emp1025');
INSERT INTO F21_S001_22_TREATMENT_DONEBY
(TX_ID, EMP_ID)
VALUES('tx149', 'emp1010');
INSERT INTO F21_S001_22_TREATMENT_DONEBY
(TX_ID, EMP_ID)
VALUES('tx150', 'emp1025');


-- ---------------------------------------------------------------------------------------------
-- Query to insert data to table F21_S001_22_treatment_drug
-- ---------------------------------------------------------------------------------------------

INSERT INTO F21_S001_22_TREATMENT_DRUG
(TX_ID, DRUG_ID, DOSAGE, DAYS)
VALUES('tx1', 'dx111', '2', 3);
INSERT INTO F21_S001_22_TREATMENT_DRUG
(TX_ID, DRUG_ID, DOSAGE, DAYS)
VALUES('tx2', 'dx111', '3', 7);
INSERT INTO F21_S001_22_TREATMENT_DRUG
(TX_ID, DRUG_ID, DOSAGE, DAYS)
VALUES('tx3', 'dx112', '1', 3);
INSERT INTO F21_S001_22_TREATMENT_DRUG
(TX_ID, DRUG_ID, DOSAGE, DAYS)
VALUES('tx4', 'dx108', '3', 14);
INSERT INTO F21_S001_22_TREATMENT_DRUG
(TX_ID, DRUG_ID, DOSAGE, DAYS)
VALUES('tx5', 'dx120', '3', 30);
INSERT INTO F21_S001_22_TREATMENT_DRUG
(TX_ID, DRUG_ID, DOSAGE, DAYS)
VALUES('tx6', 'dx102', '3', 7);
INSERT INTO F21_S001_22_TREATMENT_DRUG
(TX_ID, DRUG_ID, DOSAGE, DAYS)
VALUES('tx7', 'dx102', '3', 21);
INSERT INTO F21_S001_22_TREATMENT_DRUG
(TX_ID, DRUG_ID, DOSAGE, DAYS)
VALUES('tx8', 'dx107', '1', 14);
INSERT INTO F21_S001_22_TREATMENT_DRUG
(TX_ID, DRUG_ID, DOSAGE, DAYS)
VALUES('tx9', 'dx111', '2', 7);
INSERT INTO F21_S001_22_TREATMENT_DRUG
(TX_ID, DRUG_ID, DOSAGE, DAYS)
VALUES('tx10', 'dx114', '3', 3);
INSERT INTO F21_S001_22_TREATMENT_DRUG
(TX_ID, DRUG_ID, DOSAGE, DAYS)
VALUES('tx11', 'dx110', '2', 28);
INSERT INTO F21_S001_22_TREATMENT_DRUG
(TX_ID, DRUG_ID, DOSAGE, DAYS)
VALUES('tx12', 'dx116', '2', 3);
INSERT INTO F21_S001_22_TREATMENT_DRUG
(TX_ID, DRUG_ID, DOSAGE, DAYS)
VALUES('tx13', 'dx109', '1', 7);
INSERT INTO F21_S001_22_TREATMENT_DRUG
(TX_ID, DRUG_ID, DOSAGE, DAYS)
VALUES('tx14', 'dx102', '3', 30);
INSERT INTO F21_S001_22_TREATMENT_DRUG
(TX_ID, DRUG_ID, DOSAGE, DAYS)
VALUES('tx15', 'dx117', '2', 21);
INSERT INTO F21_S001_22_TREATMENT_DRUG
(TX_ID, DRUG_ID, DOSAGE, DAYS)
VALUES('tx16', 'dx105', '1', 3);
INSERT INTO F21_S001_22_TREATMENT_DRUG
(TX_ID, DRUG_ID, DOSAGE, DAYS)
VALUES('tx17', 'dx102', '2', 28);
INSERT INTO F21_S001_22_TREATMENT_DRUG
(TX_ID, DRUG_ID, DOSAGE, DAYS)
VALUES('tx18', 'dx105', '1', 3);
INSERT INTO F21_S001_22_TREATMENT_DRUG
(TX_ID, DRUG_ID, DOSAGE, DAYS)
VALUES('tx19', 'dx112', '1', 3);
INSERT INTO F21_S001_22_TREATMENT_DRUG
(TX_ID, DRUG_ID, DOSAGE, DAYS)
VALUES('tx20', 'dx118', '2', 21);
INSERT INTO F21_S001_22_TREATMENT_DRUG
(TX_ID, DRUG_ID, DOSAGE, DAYS)
VALUES('tx21', 'dx108', '1', 21);
INSERT INTO F21_S001_22_TREATMENT_DRUG
(TX_ID, DRUG_ID, DOSAGE, DAYS)
VALUES('tx22', 'dx118', '2', 28);
INSERT INTO F21_S001_22_TREATMENT_DRUG
(TX_ID, DRUG_ID, DOSAGE, DAYS)
VALUES('tx23', 'dx120', '2', 30);
INSERT INTO F21_S001_22_TREATMENT_DRUG
(TX_ID, DRUG_ID, DOSAGE, DAYS)
VALUES('tx24', 'dx119', '1', 3);
INSERT INTO F21_S001_22_TREATMENT_DRUG
(TX_ID, DRUG_ID, DOSAGE, DAYS)
VALUES('tx25', 'dx120', '1', 3);
INSERT INTO F21_S001_22_TREATMENT_DRUG
(TX_ID, DRUG_ID, DOSAGE, DAYS)
VALUES('tx26', 'dx119', '1', 3);
INSERT INTO F21_S001_22_TREATMENT_DRUG
(TX_ID, DRUG_ID, DOSAGE, DAYS)
VALUES('tx27', 'dx120', '1', 28);
INSERT INTO F21_S001_22_TREATMENT_DRUG
(TX_ID, DRUG_ID, DOSAGE, DAYS)
VALUES('tx28', 'dx120', '1', 30);
INSERT INTO F21_S001_22_TREATMENT_DRUG
(TX_ID, DRUG_ID, DOSAGE, DAYS)
VALUES('tx29', 'dx115', '2', 3);
INSERT INTO F21_S001_22_TREATMENT_DRUG
(TX_ID, DRUG_ID, DOSAGE, DAYS)
VALUES('tx30', 'dx113', '3', 28);
INSERT INTO F21_S001_22_TREATMENT_DRUG
(TX_ID, DRUG_ID, DOSAGE, DAYS)
VALUES('tx31', 'dx109', '1', 28);
INSERT INTO F21_S001_22_TREATMENT_DRUG
(TX_ID, DRUG_ID, DOSAGE, DAYS)
VALUES('tx32', 'dx105', '1', 28);
INSERT INTO F21_S001_22_TREATMENT_DRUG
(TX_ID, DRUG_ID, DOSAGE, DAYS)
VALUES('tx33', 'dx104', '3', 3);
INSERT INTO F21_S001_22_TREATMENT_DRUG
(TX_ID, DRUG_ID, DOSAGE, DAYS)
VALUES('tx34', 'dx104', '2', 28);
INSERT INTO F21_S001_22_TREATMENT_DRUG
(TX_ID, DRUG_ID, DOSAGE, DAYS)
VALUES('tx35', 'dx111', '3', 28);
INSERT INTO F21_S001_22_TREATMENT_DRUG
(TX_ID, DRUG_ID, DOSAGE, DAYS)
VALUES('tx36', 'dx117', '1', 30);
INSERT INTO F21_S001_22_TREATMENT_DRUG
(TX_ID, DRUG_ID, DOSAGE, DAYS)
VALUES('tx37', 'dx110', '3', 28);
INSERT INTO F21_S001_22_TREATMENT_DRUG
(TX_ID, DRUG_ID, DOSAGE, DAYS)
VALUES('tx38', 'dx104', '1', 14);
INSERT INTO F21_S001_22_TREATMENT_DRUG
(TX_ID, DRUG_ID, DOSAGE, DAYS)
VALUES('tx39', 'dx106', '3', 21);
INSERT INTO F21_S001_22_TREATMENT_DRUG
(TX_ID, DRUG_ID, DOSAGE, DAYS)
VALUES('tx40', 'dx101', '2', 30);
INSERT INTO F21_S001_22_TREATMENT_DRUG
(TX_ID, DRUG_ID, DOSAGE, DAYS)
VALUES('tx41', 'dx119', '2', 21);
INSERT INTO F21_S001_22_TREATMENT_DRUG
(TX_ID, DRUG_ID, DOSAGE, DAYS)
VALUES('tx42', 'dx102', '2', 7);
INSERT INTO F21_S001_22_TREATMENT_DRUG
(TX_ID, DRUG_ID, DOSAGE, DAYS)
VALUES('tx43', 'dx117', '2', 30);
INSERT INTO F21_S001_22_TREATMENT_DRUG
(TX_ID, DRUG_ID, DOSAGE, DAYS)
VALUES('tx44', 'dx110', '2', 30);
INSERT INTO F21_S001_22_TREATMENT_DRUG
(TX_ID, DRUG_ID, DOSAGE, DAYS)
VALUES('tx45', 'dx108', '1', 28);
INSERT INTO F21_S001_22_TREATMENT_DRUG
(TX_ID, DRUG_ID, DOSAGE, DAYS)
VALUES('tx46', 'dx102', '3', 14);
INSERT INTO F21_S001_22_TREATMENT_DRUG
(TX_ID, DRUG_ID, DOSAGE, DAYS)
VALUES('tx47', 'dx101', '1', 21);
INSERT INTO F21_S001_22_TREATMENT_DRUG
(TX_ID, DRUG_ID, DOSAGE, DAYS)
VALUES('tx48', 'dx113', '2', 21);
INSERT INTO F21_S001_22_TREATMENT_DRUG
(TX_ID, DRUG_ID, DOSAGE, DAYS)
VALUES('tx49', 'dx105', '1', 3);
INSERT INTO F21_S001_22_TREATMENT_DRUG
(TX_ID, DRUG_ID, DOSAGE, DAYS)
VALUES('tx50', 'dx113', '3', 14);
INSERT INTO F21_S001_22_TREATMENT_DRUG
(TX_ID, DRUG_ID, DOSAGE, DAYS)
VALUES('tx51', 'dx112', '2', 21);
INSERT INTO F21_S001_22_TREATMENT_DRUG
(TX_ID, DRUG_ID, DOSAGE, DAYS)
VALUES('tx52', 'dx117', '2', 3);
INSERT INTO F21_S001_22_TREATMENT_DRUG
(TX_ID, DRUG_ID, DOSAGE, DAYS)
VALUES('tx53', 'dx104', '2', 7);
INSERT INTO F21_S001_22_TREATMENT_DRUG
(TX_ID, DRUG_ID, DOSAGE, DAYS)
VALUES('tx54', 'dx118', '2', 21);
INSERT INTO F21_S001_22_TREATMENT_DRUG
(TX_ID, DRUG_ID, DOSAGE, DAYS)
VALUES('tx55', 'dx110', '1', 30);
INSERT INTO F21_S001_22_TREATMENT_DRUG
(TX_ID, DRUG_ID, DOSAGE, DAYS)
VALUES('tx56', 'dx114', '1', 3);
INSERT INTO F21_S001_22_TREATMENT_DRUG
(TX_ID, DRUG_ID, DOSAGE, DAYS)
VALUES('tx57', 'dx114', '3', 21);
INSERT INTO F21_S001_22_TREATMENT_DRUG
(TX_ID, DRUG_ID, DOSAGE, DAYS)
VALUES('tx58', 'dx105', '1', 14);
INSERT INTO F21_S001_22_TREATMENT_DRUG
(TX_ID, DRUG_ID, DOSAGE, DAYS)
VALUES('tx59', 'dx107', '2', 3);
INSERT INTO F21_S001_22_TREATMENT_DRUG
(TX_ID, DRUG_ID, DOSAGE, DAYS)
VALUES('tx60', 'dx118', '2', 21);
INSERT INTO F21_S001_22_TREATMENT_DRUG
(TX_ID, DRUG_ID, DOSAGE, DAYS)
VALUES('tx61', 'dx109', '2', 3);
INSERT INTO F21_S001_22_TREATMENT_DRUG
(TX_ID, DRUG_ID, DOSAGE, DAYS)
VALUES('tx62', 'dx102', '1', 3);
INSERT INTO F21_S001_22_TREATMENT_DRUG
(TX_ID, DRUG_ID, DOSAGE, DAYS)
VALUES('tx63', 'dx116', '2', 30);
INSERT INTO F21_S001_22_TREATMENT_DRUG
(TX_ID, DRUG_ID, DOSAGE, DAYS)
VALUES('tx64', 'dx109', '2', 3);
INSERT INTO F21_S001_22_TREATMENT_DRUG
(TX_ID, DRUG_ID, DOSAGE, DAYS)
VALUES('tx65', 'dx107', '2', 30);
INSERT INTO F21_S001_22_TREATMENT_DRUG
(TX_ID, DRUG_ID, DOSAGE, DAYS)
VALUES('tx66', 'dx117', '2', 28);
INSERT INTO F21_S001_22_TREATMENT_DRUG
(TX_ID, DRUG_ID, DOSAGE, DAYS)
VALUES('tx67', 'dx110', '2', 14);
INSERT INTO F21_S001_22_TREATMENT_DRUG
(TX_ID, DRUG_ID, DOSAGE, DAYS)
VALUES('tx68', 'dx107', '2', 28);
INSERT INTO F21_S001_22_TREATMENT_DRUG
(TX_ID, DRUG_ID, DOSAGE, DAYS)
VALUES('tx69', 'dx104', '3', 14);
INSERT INTO F21_S001_22_TREATMENT_DRUG
(TX_ID, DRUG_ID, DOSAGE, DAYS)
VALUES('tx70', 'dx112', '2', 30);
INSERT INTO F21_S001_22_TREATMENT_DRUG
(TX_ID, DRUG_ID, DOSAGE, DAYS)
VALUES('tx71', 'dx114', '3', 30);
INSERT INTO F21_S001_22_TREATMENT_DRUG
(TX_ID, DRUG_ID, DOSAGE, DAYS)
VALUES('tx72', 'dx107', '3', 14);
INSERT INTO F21_S001_22_TREATMENT_DRUG
(TX_ID, DRUG_ID, DOSAGE, DAYS)
VALUES('tx73', 'dx116', '1', 7);
INSERT INTO F21_S001_22_TREATMENT_DRUG
(TX_ID, DRUG_ID, DOSAGE, DAYS)
VALUES('tx74', 'dx106', '3', 28);
INSERT INTO F21_S001_22_TREATMENT_DRUG
(TX_ID, DRUG_ID, DOSAGE, DAYS)
VALUES('tx75', 'dx106', '2', 28);
INSERT INTO F21_S001_22_TREATMENT_DRUG
(TX_ID, DRUG_ID, DOSAGE, DAYS)
VALUES('tx76', 'dx120', '3', 7);
INSERT INTO F21_S001_22_TREATMENT_DRUG
(TX_ID, DRUG_ID, DOSAGE, DAYS)
VALUES('tx77', 'dx118', '1', 7);
INSERT INTO F21_S001_22_TREATMENT_DRUG
(TX_ID, DRUG_ID, DOSAGE, DAYS)
VALUES('tx78', 'dx114', '1', 7);
INSERT INTO F21_S001_22_TREATMENT_DRUG
(TX_ID, DRUG_ID, DOSAGE, DAYS)
VALUES('tx79', 'dx113', '1', 28);
INSERT INTO F21_S001_22_TREATMENT_DRUG
(TX_ID, DRUG_ID, DOSAGE, DAYS)
VALUES('tx80', 'dx120', '1', 30);
INSERT INTO F21_S001_22_TREATMENT_DRUG
(TX_ID, DRUG_ID, DOSAGE, DAYS)
VALUES('tx81', 'dx117', '3', 7);
INSERT INTO F21_S001_22_TREATMENT_DRUG
(TX_ID, DRUG_ID, DOSAGE, DAYS)
VALUES('tx82', 'dx106', '1', 3);
INSERT INTO F21_S001_22_TREATMENT_DRUG
(TX_ID, DRUG_ID, DOSAGE, DAYS)
VALUES('tx83', 'dx109', '1', 3);
INSERT INTO F21_S001_22_TREATMENT_DRUG
(TX_ID, DRUG_ID, DOSAGE, DAYS)
VALUES('tx84', 'dx113', '3', 14);
INSERT INTO F21_S001_22_TREATMENT_DRUG
(TX_ID, DRUG_ID, DOSAGE, DAYS)
VALUES('tx85', 'dx103', '1', 14);
INSERT INTO F21_S001_22_TREATMENT_DRUG
(TX_ID, DRUG_ID, DOSAGE, DAYS)
VALUES('tx86', 'dx119', '3', 7);
INSERT INTO F21_S001_22_TREATMENT_DRUG
(TX_ID, DRUG_ID, DOSAGE, DAYS)
VALUES('tx87', 'dx111', '3', 28);
INSERT INTO F21_S001_22_TREATMENT_DRUG
(TX_ID, DRUG_ID, DOSAGE, DAYS)
VALUES('tx88', 'dx116', '1', 3);
INSERT INTO F21_S001_22_TREATMENT_DRUG
(TX_ID, DRUG_ID, DOSAGE, DAYS)
VALUES('tx89', 'dx116', '2', 30);
INSERT INTO F21_S001_22_TREATMENT_DRUG
(TX_ID, DRUG_ID, DOSAGE, DAYS)
VALUES('tx90', 'dx118', '2', 30);
INSERT INTO F21_S001_22_TREATMENT_DRUG
(TX_ID, DRUG_ID, DOSAGE, DAYS)
VALUES('tx91', 'dx101', '3', 21);
INSERT INTO F21_S001_22_TREATMENT_DRUG
(TX_ID, DRUG_ID, DOSAGE, DAYS)
VALUES('tx92', 'dx116', '1', 14);
INSERT INTO F21_S001_22_TREATMENT_DRUG
(TX_ID, DRUG_ID, DOSAGE, DAYS)
VALUES('tx93', 'dx118', '2', 14);
INSERT INTO F21_S001_22_TREATMENT_DRUG
(TX_ID, DRUG_ID, DOSAGE, DAYS)
VALUES('tx94', 'dx101', '3', 21);
INSERT INTO F21_S001_22_TREATMENT_DRUG
(TX_ID, DRUG_ID, DOSAGE, DAYS)
VALUES('tx95', 'dx109', '3', 14);
INSERT INTO F21_S001_22_TREATMENT_DRUG
(TX_ID, DRUG_ID, DOSAGE, DAYS)
VALUES('tx96', 'dx117', '2', 7);
INSERT INTO F21_S001_22_TREATMENT_DRUG
(TX_ID, DRUG_ID, DOSAGE, DAYS)
VALUES('tx97', 'dx117', '1', 30);
INSERT INTO F21_S001_22_TREATMENT_DRUG
(TX_ID, DRUG_ID, DOSAGE, DAYS)
VALUES('tx98', 'dx116', '3', 30);
INSERT INTO F21_S001_22_TREATMENT_DRUG
(TX_ID, DRUG_ID, DOSAGE, DAYS)
VALUES('tx99', 'dx117', '3', 14);
INSERT INTO F21_S001_22_TREATMENT_DRUG
(TX_ID, DRUG_ID, DOSAGE, DAYS)
VALUES('tx100', 'dx112', '3', 14);
INSERT INTO F21_S001_22_TREATMENT_DRUG
(TX_ID, DRUG_ID, DOSAGE, DAYS)
VALUES('tx101', 'dx113', '1', 30);
INSERT INTO F21_S001_22_TREATMENT_DRUG
(TX_ID, DRUG_ID, DOSAGE, DAYS)
VALUES('tx102', 'dx106', '2', 14);
INSERT INTO F21_S001_22_TREATMENT_DRUG
(TX_ID, DRUG_ID, DOSAGE, DAYS)
VALUES('tx103', 'dx120', '3', 28);
INSERT INTO F21_S001_22_TREATMENT_DRUG
(TX_ID, DRUG_ID, DOSAGE, DAYS)
VALUES('tx104', 'dx107', '1', 30);
INSERT INTO F21_S001_22_TREATMENT_DRUG
(TX_ID, DRUG_ID, DOSAGE, DAYS)
VALUES('tx105', 'dx115', '1', 21);
INSERT INTO F21_S001_22_TREATMENT_DRUG
(TX_ID, DRUG_ID, DOSAGE, DAYS)
VALUES('tx106', 'dx120', '3', 14);
INSERT INTO F21_S001_22_TREATMENT_DRUG
(TX_ID, DRUG_ID, DOSAGE, DAYS)
VALUES('tx107', 'dx115', '1', 21);
INSERT INTO F21_S001_22_TREATMENT_DRUG
(TX_ID, DRUG_ID, DOSAGE, DAYS)
VALUES('tx108', 'dx114', '2', 14);
INSERT INTO F21_S001_22_TREATMENT_DRUG
(TX_ID, DRUG_ID, DOSAGE, DAYS)
VALUES('tx109', 'dx104', '2', 28);
INSERT INTO F21_S001_22_TREATMENT_DRUG
(TX_ID, DRUG_ID, DOSAGE, DAYS)
VALUES('tx110', 'dx120', '2', 14);
INSERT INTO F21_S001_22_TREATMENT_DRUG
(TX_ID, DRUG_ID, DOSAGE, DAYS)
VALUES('tx111', 'dx106', '1', 28);
INSERT INTO F21_S001_22_TREATMENT_DRUG
(TX_ID, DRUG_ID, DOSAGE, DAYS)
VALUES('tx112', 'dx109', '1', 7);
INSERT INTO F21_S001_22_TREATMENT_DRUG
(TX_ID, DRUG_ID, DOSAGE, DAYS)
VALUES('tx113', 'dx103', '1', 21);
INSERT INTO F21_S001_22_TREATMENT_DRUG
(TX_ID, DRUG_ID, DOSAGE, DAYS)
VALUES('tx114', 'dx114', '3', 21);
INSERT INTO F21_S001_22_TREATMENT_DRUG
(TX_ID, DRUG_ID, DOSAGE, DAYS)
VALUES('tx115', 'dx105', '3', 14);
INSERT INTO F21_S001_22_TREATMENT_DRUG
(TX_ID, DRUG_ID, DOSAGE, DAYS)
VALUES('tx116', 'dx103', '2', 7);
INSERT INTO F21_S001_22_TREATMENT_DRUG
(TX_ID, DRUG_ID, DOSAGE, DAYS)
VALUES('tx117', 'dx105', '1', 21);
INSERT INTO F21_S001_22_TREATMENT_DRUG
(TX_ID, DRUG_ID, DOSAGE, DAYS)
VALUES('tx118', 'dx119', '1', 14);
INSERT INTO F21_S001_22_TREATMENT_DRUG
(TX_ID, DRUG_ID, DOSAGE, DAYS)
VALUES('tx119', 'dx119', '1', 28);
INSERT INTO F21_S001_22_TREATMENT_DRUG
(TX_ID, DRUG_ID, DOSAGE, DAYS)
VALUES('tx120', 'dx104', '1', 28);
INSERT INTO F21_S001_22_TREATMENT_DRUG
(TX_ID, DRUG_ID, DOSAGE, DAYS)
VALUES('tx121', 'dx117', '3', 30);
INSERT INTO F21_S001_22_TREATMENT_DRUG
(TX_ID, DRUG_ID, DOSAGE, DAYS)
VALUES('tx122', 'dx117', '3', 14);
INSERT INTO F21_S001_22_TREATMENT_DRUG
(TX_ID, DRUG_ID, DOSAGE, DAYS)
VALUES('tx123', 'dx102', '1', 30);
INSERT INTO F21_S001_22_TREATMENT_DRUG
(TX_ID, DRUG_ID, DOSAGE, DAYS)
VALUES('tx124', 'dx106', '2', 14);
INSERT INTO F21_S001_22_TREATMENT_DRUG
(TX_ID, DRUG_ID, DOSAGE, DAYS)
VALUES('tx125', 'dx106', '2', 28);
INSERT INTO F21_S001_22_TREATMENT_DRUG
(TX_ID, DRUG_ID, DOSAGE, DAYS)
VALUES('tx126', 'dx113', '3', 30);
INSERT INTO F21_S001_22_TREATMENT_DRUG
(TX_ID, DRUG_ID, DOSAGE, DAYS)
VALUES('tx127', 'dx113', '3', 28);
INSERT INTO F21_S001_22_TREATMENT_DRUG
(TX_ID, DRUG_ID, DOSAGE, DAYS)
VALUES('tx128', 'dx120', '3', 3);
INSERT INTO F21_S001_22_TREATMENT_DRUG
(TX_ID, DRUG_ID, DOSAGE, DAYS)
VALUES('tx129', 'dx103', '1', 14);
INSERT INTO F21_S001_22_TREATMENT_DRUG
(TX_ID, DRUG_ID, DOSAGE, DAYS)
VALUES('tx130', 'dx105', '1', 30);

-- ---------------------------------------------------------------------------------------------
-- Query to insert data to table F21_S001_22_treatment_material
-- ---------------------------------------------------------------------------------------------

INSERT INTO F21_S001_22_TREATMENT_MATERIAL
(TX_ID, MATERIAL_ID)
VALUES('tx1', 'mx308');
INSERT INTO F21_S001_22_TREATMENT_MATERIAL
(TX_ID, MATERIAL_ID)
VALUES('tx2', 'mx313');
INSERT INTO F21_S001_22_TREATMENT_MATERIAL
(TX_ID, MATERIAL_ID)
VALUES('tx3', 'mx313');
INSERT INTO F21_S001_22_TREATMENT_MATERIAL
(TX_ID, MATERIAL_ID)
VALUES('tx4', 'mx311');
INSERT INTO F21_S001_22_TREATMENT_MATERIAL
(TX_ID, MATERIAL_ID)
VALUES('tx5', 'mx305');
INSERT INTO F21_S001_22_TREATMENT_MATERIAL
(TX_ID, MATERIAL_ID)
VALUES('tx6', 'mx307');
INSERT INTO F21_S001_22_TREATMENT_MATERIAL
(TX_ID, MATERIAL_ID)
VALUES('tx7', 'mx318');
INSERT INTO F21_S001_22_TREATMENT_MATERIAL
(TX_ID, MATERIAL_ID)
VALUES('tx8', 'mx313');
INSERT INTO F21_S001_22_TREATMENT_MATERIAL
(TX_ID, MATERIAL_ID)
VALUES('tx9', 'mx304');
INSERT INTO F21_S001_22_TREATMENT_MATERIAL
(TX_ID, MATERIAL_ID)
VALUES('tx10', 'mx320');
INSERT INTO F21_S001_22_TREATMENT_MATERIAL
(TX_ID, MATERIAL_ID)
VALUES('tx11', 'mx307');
INSERT INTO F21_S001_22_TREATMENT_MATERIAL
(TX_ID, MATERIAL_ID)
VALUES('tx12', 'mx308');
INSERT INTO F21_S001_22_TREATMENT_MATERIAL
(TX_ID, MATERIAL_ID)
VALUES('tx13', 'mx308');
INSERT INTO F21_S001_22_TREATMENT_MATERIAL
(TX_ID, MATERIAL_ID)
VALUES('tx14', 'mx320');
INSERT INTO F21_S001_22_TREATMENT_MATERIAL
(TX_ID, MATERIAL_ID)
VALUES('tx15', 'mx310');
INSERT INTO F21_S001_22_TREATMENT_MATERIAL
(TX_ID, MATERIAL_ID)
VALUES('tx16', 'mx307');
INSERT INTO F21_S001_22_TREATMENT_MATERIAL
(TX_ID, MATERIAL_ID)
VALUES('tx17', 'mx319');
INSERT INTO F21_S001_22_TREATMENT_MATERIAL
(TX_ID, MATERIAL_ID)
VALUES('tx18', 'mx315');
INSERT INTO F21_S001_22_TREATMENT_MATERIAL
(TX_ID, MATERIAL_ID)
VALUES('tx19', 'mx312');
INSERT INTO F21_S001_22_TREATMENT_MATERIAL
(TX_ID, MATERIAL_ID)
VALUES('tx20', 'mx315');
INSERT INTO F21_S001_22_TREATMENT_MATERIAL
(TX_ID, MATERIAL_ID)
VALUES('tx21', 'mx304');
INSERT INTO F21_S001_22_TREATMENT_MATERIAL
(TX_ID, MATERIAL_ID)
VALUES('tx22', 'mx314');
INSERT INTO F21_S001_22_TREATMENT_MATERIAL
(TX_ID, MATERIAL_ID)
VALUES('tx23', 'mx301');
INSERT INTO F21_S001_22_TREATMENT_MATERIAL
(TX_ID, MATERIAL_ID)
VALUES('tx24', 'mx318');
INSERT INTO F21_S001_22_TREATMENT_MATERIAL
(TX_ID, MATERIAL_ID)
VALUES('tx25', 'mx303');
INSERT INTO F21_S001_22_TREATMENT_MATERIAL
(TX_ID, MATERIAL_ID)
VALUES('tx26', 'mx320');
INSERT INTO F21_S001_22_TREATMENT_MATERIAL
(TX_ID, MATERIAL_ID)
VALUES('tx27', 'mx320');
INSERT INTO F21_S001_22_TREATMENT_MATERIAL
(TX_ID, MATERIAL_ID)
VALUES('tx28', 'mx310');
INSERT INTO F21_S001_22_TREATMENT_MATERIAL
(TX_ID, MATERIAL_ID)
VALUES('tx29', 'mx306');
INSERT INTO F21_S001_22_TREATMENT_MATERIAL
(TX_ID, MATERIAL_ID)
VALUES('tx30', 'mx319');
INSERT INTO F21_S001_22_TREATMENT_MATERIAL
(TX_ID, MATERIAL_ID)
VALUES('tx31', 'mx310');
INSERT INTO F21_S001_22_TREATMENT_MATERIAL
(TX_ID, MATERIAL_ID)
VALUES('tx32', 'mx312');
INSERT INTO F21_S001_22_TREATMENT_MATERIAL
(TX_ID, MATERIAL_ID)
VALUES('tx33', 'mx320');
INSERT INTO F21_S001_22_TREATMENT_MATERIAL
(TX_ID, MATERIAL_ID)
VALUES('tx34', 'mx307');
INSERT INTO F21_S001_22_TREATMENT_MATERIAL
(TX_ID, MATERIAL_ID)
VALUES('tx35', 'mx301');
INSERT INTO F21_S001_22_TREATMENT_MATERIAL
(TX_ID, MATERIAL_ID)
VALUES('tx36', 'mx303');
INSERT INTO F21_S001_22_TREATMENT_MATERIAL
(TX_ID, MATERIAL_ID)
VALUES('tx37', 'mx312');
INSERT INTO F21_S001_22_TREATMENT_MATERIAL
(TX_ID, MATERIAL_ID)
VALUES('tx38', 'mx303');
INSERT INTO F21_S001_22_TREATMENT_MATERIAL
(TX_ID, MATERIAL_ID)
VALUES('tx39', 'mx313');
INSERT INTO F21_S001_22_TREATMENT_MATERIAL
(TX_ID, MATERIAL_ID)
VALUES('tx40', 'mx317');
INSERT INTO F21_S001_22_TREATMENT_MATERIAL
(TX_ID, MATERIAL_ID)
VALUES('tx41', 'mx311');
INSERT INTO F21_S001_22_TREATMENT_MATERIAL
(TX_ID, MATERIAL_ID)
VALUES('tx42', 'mx307');
INSERT INTO F21_S001_22_TREATMENT_MATERIAL
(TX_ID, MATERIAL_ID)
VALUES('tx43', 'mx302');
INSERT INTO F21_S001_22_TREATMENT_MATERIAL
(TX_ID, MATERIAL_ID)
VALUES('tx44', 'mx302');
INSERT INTO F21_S001_22_TREATMENT_MATERIAL
(TX_ID, MATERIAL_ID)
VALUES('tx45', 'mx316');
INSERT INTO F21_S001_22_TREATMENT_MATERIAL
(TX_ID, MATERIAL_ID)
VALUES('tx46', 'mx314');
INSERT INTO F21_S001_22_TREATMENT_MATERIAL
(TX_ID, MATERIAL_ID)
VALUES('tx47', 'mx316');
INSERT INTO F21_S001_22_TREATMENT_MATERIAL
(TX_ID, MATERIAL_ID)
VALUES('tx48', 'mx308');
INSERT INTO F21_S001_22_TREATMENT_MATERIAL
(TX_ID, MATERIAL_ID)
VALUES('tx49', 'mx317');
INSERT INTO F21_S001_22_TREATMENT_MATERIAL
(TX_ID, MATERIAL_ID)
VALUES('tx50', 'mx313');
INSERT INTO F21_S001_22_TREATMENT_MATERIAL
(TX_ID, MATERIAL_ID)
VALUES('tx51', 'mx316');
INSERT INTO F21_S001_22_TREATMENT_MATERIAL
(TX_ID, MATERIAL_ID)
VALUES('tx52', 'mx305');
INSERT INTO F21_S001_22_TREATMENT_MATERIAL
(TX_ID, MATERIAL_ID)
VALUES('tx53', 'mx309');
INSERT INTO F21_S001_22_TREATMENT_MATERIAL
(TX_ID, MATERIAL_ID)
VALUES('tx54', 'mx313');
INSERT INTO F21_S001_22_TREATMENT_MATERIAL
(TX_ID, MATERIAL_ID)
VALUES('tx55', 'mx314');
INSERT INTO F21_S001_22_TREATMENT_MATERIAL
(TX_ID, MATERIAL_ID)
VALUES('tx56', 'mx306');
INSERT INTO F21_S001_22_TREATMENT_MATERIAL
(TX_ID, MATERIAL_ID)
VALUES('tx57', 'mx320');
INSERT INTO F21_S001_22_TREATMENT_MATERIAL
(TX_ID, MATERIAL_ID)
VALUES('tx58', 'mx304');
INSERT INTO F21_S001_22_TREATMENT_MATERIAL
(TX_ID, MATERIAL_ID)
VALUES('tx59', 'mx317');
INSERT INTO F21_S001_22_TREATMENT_MATERIAL
(TX_ID, MATERIAL_ID)
VALUES('tx60', 'mx306');
INSERT INTO F21_S001_22_TREATMENT_MATERIAL
(TX_ID, MATERIAL_ID)
VALUES('tx61', 'mx308');
INSERT INTO F21_S001_22_TREATMENT_MATERIAL
(TX_ID, MATERIAL_ID)
VALUES('tx62', 'mx310');
INSERT INTO F21_S001_22_TREATMENT_MATERIAL
(TX_ID, MATERIAL_ID)
VALUES('tx63', 'mx311');
INSERT INTO F21_S001_22_TREATMENT_MATERIAL
(TX_ID, MATERIAL_ID)
VALUES('tx64', 'mx314');
INSERT INTO F21_S001_22_TREATMENT_MATERIAL
(TX_ID, MATERIAL_ID)
VALUES('tx65', 'mx319');
INSERT INTO F21_S001_22_TREATMENT_MATERIAL
(TX_ID, MATERIAL_ID)
VALUES('tx66', 'mx307');
INSERT INTO F21_S001_22_TREATMENT_MATERIAL
(TX_ID, MATERIAL_ID)
VALUES('tx67', 'mx315');
INSERT INTO F21_S001_22_TREATMENT_MATERIAL
(TX_ID, MATERIAL_ID)
VALUES('tx68', 'mx313');
INSERT INTO F21_S001_22_TREATMENT_MATERIAL
(TX_ID, MATERIAL_ID)
VALUES('tx69', 'mx305');
INSERT INTO F21_S001_22_TREATMENT_MATERIAL
(TX_ID, MATERIAL_ID)
VALUES('tx70', 'mx304');
INSERT INTO F21_S001_22_TREATMENT_MATERIAL
(TX_ID, MATERIAL_ID)
VALUES('tx71', 'mx305');
INSERT INTO F21_S001_22_TREATMENT_MATERIAL
(TX_ID, MATERIAL_ID)
VALUES('tx72', 'mx315');
INSERT INTO F21_S001_22_TREATMENT_MATERIAL
(TX_ID, MATERIAL_ID)
VALUES('tx73', 'mx310');
INSERT INTO F21_S001_22_TREATMENT_MATERIAL
(TX_ID, MATERIAL_ID)
VALUES('tx74', 'mx310');
INSERT INTO F21_S001_22_TREATMENT_MATERIAL
(TX_ID, MATERIAL_ID)
VALUES('tx75', 'mx319');
INSERT INTO F21_S001_22_TREATMENT_MATERIAL
(TX_ID, MATERIAL_ID)
VALUES('tx76', 'mx320');
INSERT INTO F21_S001_22_TREATMENT_MATERIAL
(TX_ID, MATERIAL_ID)
VALUES('tx77', 'mx314');
INSERT INTO F21_S001_22_TREATMENT_MATERIAL
(TX_ID, MATERIAL_ID)
VALUES('tx78', 'mx305');
INSERT INTO F21_S001_22_TREATMENT_MATERIAL
(TX_ID, MATERIAL_ID)
VALUES('tx79', 'mx310');
INSERT INTO F21_S001_22_TREATMENT_MATERIAL
(TX_ID, MATERIAL_ID)
VALUES('tx80', 'mx320');
INSERT INTO F21_S001_22_TREATMENT_MATERIAL
(TX_ID, MATERIAL_ID)
VALUES('tx81', 'mx315');
INSERT INTO F21_S001_22_TREATMENT_MATERIAL
(TX_ID, MATERIAL_ID)
VALUES('tx82', 'mx320');
INSERT INTO F21_S001_22_TREATMENT_MATERIAL
(TX_ID, MATERIAL_ID)
VALUES('tx83', 'mx320');
INSERT INTO F21_S001_22_TREATMENT_MATERIAL
(TX_ID, MATERIAL_ID)
VALUES('tx84', 'mx308');
INSERT INTO F21_S001_22_TREATMENT_MATERIAL
(TX_ID, MATERIAL_ID)
VALUES('tx85', 'mx304');
INSERT INTO F21_S001_22_TREATMENT_MATERIAL
(TX_ID, MATERIAL_ID)
VALUES('tx86', 'mx315');
INSERT INTO F21_S001_22_TREATMENT_MATERIAL
(TX_ID, MATERIAL_ID)
VALUES('tx87', 'mx308');
INSERT INTO F21_S001_22_TREATMENT_MATERIAL
(TX_ID, MATERIAL_ID)
VALUES('tx88', 'mx320');
INSERT INTO F21_S001_22_TREATMENT_MATERIAL
(TX_ID, MATERIAL_ID)
VALUES('tx89', 'mx304');
INSERT INTO F21_S001_22_TREATMENT_MATERIAL
(TX_ID, MATERIAL_ID)
VALUES('tx90', 'mx303');
INSERT INTO F21_S001_22_TREATMENT_MATERIAL
(TX_ID, MATERIAL_ID)
VALUES('tx91', 'mx309');
INSERT INTO F21_S001_22_TREATMENT_MATERIAL
(TX_ID, MATERIAL_ID)
VALUES('tx92', 'mx315');
INSERT INTO F21_S001_22_TREATMENT_MATERIAL
(TX_ID, MATERIAL_ID)
VALUES('tx93', 'mx316');
INSERT INTO F21_S001_22_TREATMENT_MATERIAL
(TX_ID, MATERIAL_ID)
VALUES('tx94', 'mx313');
INSERT INTO F21_S001_22_TREATMENT_MATERIAL
(TX_ID, MATERIAL_ID)
VALUES('tx95', 'mx308');
INSERT INTO F21_S001_22_TREATMENT_MATERIAL
(TX_ID, MATERIAL_ID)
VALUES('tx96', 'mx318');
INSERT INTO F21_S001_22_TREATMENT_MATERIAL
(TX_ID, MATERIAL_ID)
VALUES('tx97', 'mx315');
INSERT INTO F21_S001_22_TREATMENT_MATERIAL
(TX_ID, MATERIAL_ID)
VALUES('tx98', 'mx320');
INSERT INTO F21_S001_22_TREATMENT_MATERIAL
(TX_ID, MATERIAL_ID)
VALUES('tx99', 'mx319');
INSERT INTO F21_S001_22_TREATMENT_MATERIAL
(TX_ID, MATERIAL_ID)
VALUES('tx100', 'mx314');
INSERT INTO F21_S001_22_TREATMENT_MATERIAL
(TX_ID, MATERIAL_ID)
VALUES('tx101', 'mx304');
INSERT INTO F21_S001_22_TREATMENT_MATERIAL
(TX_ID, MATERIAL_ID)
VALUES('tx102', 'mx308');
INSERT INTO F21_S001_22_TREATMENT_MATERIAL
(TX_ID, MATERIAL_ID)
VALUES('tx103', 'mx302');
INSERT INTO F21_S001_22_TREATMENT_MATERIAL
(TX_ID, MATERIAL_ID)
VALUES('tx104', 'mx311');
INSERT INTO F21_S001_22_TREATMENT_MATERIAL
(TX_ID, MATERIAL_ID)
VALUES('tx105', 'mx301');
INSERT INTO F21_S001_22_TREATMENT_MATERIAL
(TX_ID, MATERIAL_ID)
VALUES('tx106', 'mx313');
INSERT INTO F21_S001_22_TREATMENT_MATERIAL
(TX_ID, MATERIAL_ID)
VALUES('tx107', 'mx308');
INSERT INTO F21_S001_22_TREATMENT_MATERIAL
(TX_ID, MATERIAL_ID)
VALUES('tx108', 'mx319');
INSERT INTO F21_S001_22_TREATMENT_MATERIAL
(TX_ID, MATERIAL_ID)
VALUES('tx109', 'mx317');
INSERT INTO F21_S001_22_TREATMENT_MATERIAL
(TX_ID, MATERIAL_ID)
VALUES('tx110', 'mx316');
INSERT INTO F21_S001_22_TREATMENT_MATERIAL
(TX_ID, MATERIAL_ID)
VALUES('tx111', 'mx311');
INSERT INTO F21_S001_22_TREATMENT_MATERIAL
(TX_ID, MATERIAL_ID)
VALUES('tx112', 'mx303');
INSERT INTO F21_S001_22_TREATMENT_MATERIAL
(TX_ID, MATERIAL_ID)
VALUES('tx113', 'mx305');
INSERT INTO F21_S001_22_TREATMENT_MATERIAL
(TX_ID, MATERIAL_ID)
VALUES('tx114', 'mx311');
INSERT INTO F21_S001_22_TREATMENT_MATERIAL
(TX_ID, MATERIAL_ID)
VALUES('tx115', 'mx318');
INSERT INTO F21_S001_22_TREATMENT_MATERIAL
(TX_ID, MATERIAL_ID)
VALUES('tx116', 'mx312');
INSERT INTO F21_S001_22_TREATMENT_MATERIAL
(TX_ID, MATERIAL_ID)
VALUES('tx117', 'mx319');
INSERT INTO F21_S001_22_TREATMENT_MATERIAL
(TX_ID, MATERIAL_ID)
VALUES('tx118', 'mx318');
INSERT INTO F21_S001_22_TREATMENT_MATERIAL
(TX_ID, MATERIAL_ID)
VALUES('tx119', 'mx305');
INSERT INTO F21_S001_22_TREATMENT_MATERIAL
(TX_ID, MATERIAL_ID)
VALUES('tx120', 'mx314');

-- ---------------------------------------------------------------------------------------------
-- Query to insert data to table F21_S001_22_payment_plan
-- ---------------------------------------------------------------------------------------------

INSERT INTO F21_S001_22_PAYMENT_PLAN
(BILL_ID, INS_AMOUNT, PAT_AMOUNT, STATUS, DATETIME, TX_ID)
VALUES('inv101', 53.69, 17.44, 'pending-insurance-approval', TIMESTAMP '2021-09-12 00:00:00.000000', 'tx1');
INSERT INTO F21_S001_22_PAYMENT_PLAN
(BILL_ID, INS_AMOUNT, PAT_AMOUNT, STATUS, DATETIME, TX_ID)
VALUES('inv102', 43.89, 7.05, 'pending-insurance-approval', TIMESTAMP '2021-02-15 00:00:00.000000', 'tx2');
INSERT INTO F21_S001_22_PAYMENT_PLAN
(BILL_ID, INS_AMOUNT, PAT_AMOUNT, STATUS, DATETIME, TX_ID)
VALUES('inv103', 12.85, 27.74, 'insurance-denied', TIMESTAMP '2021-09-12 00:00:00.000000', 'tx3');
INSERT INTO F21_S001_22_PAYMENT_PLAN
(BILL_ID, INS_AMOUNT, PAT_AMOUNT, STATUS, DATETIME, TX_ID)
VALUES('inv104', 59.18, 9.75, 'payment-done', TIMESTAMP '2021-01-27 00:00:00.000000', 'tx4');
INSERT INTO F21_S001_22_PAYMENT_PLAN
(BILL_ID, INS_AMOUNT, PAT_AMOUNT, STATUS, DATETIME, TX_ID)
VALUES('inv105', 42.03, 3.42, 'pending-insurance-approval', TIMESTAMP '2021-02-27 00:00:00.000000', 'tx5');
INSERT INTO F21_S001_22_PAYMENT_PLAN
(BILL_ID, INS_AMOUNT, PAT_AMOUNT, STATUS, DATETIME, TX_ID)
VALUES('inv106', 7.46, 15.13, 'patient-payment-pending', TIMESTAMP '2021-09-17 00:00:00.000000', 'tx6');
INSERT INTO F21_S001_22_PAYMENT_PLAN
(BILL_ID, INS_AMOUNT, PAT_AMOUNT, STATUS, DATETIME, TX_ID)
VALUES('inv107', 56.86, 19.08, 'insurance-payment-pending', TIMESTAMP '2021-05-27 00:00:00.000000', 'tx7');
INSERT INTO F21_S001_22_PAYMENT_PLAN
(BILL_ID, INS_AMOUNT, PAT_AMOUNT, STATUS, DATETIME, TX_ID)
VALUES('inv108', 34.99, 21.58, 'patient-payment-pending', TIMESTAMP '2021-11-14 00:00:00.000000', 'tx8');
INSERT INTO F21_S001_22_PAYMENT_PLAN
(BILL_ID, INS_AMOUNT, PAT_AMOUNT, STATUS, DATETIME, TX_ID)
VALUES('inv109', 29.68, 0.29, 'insurance-payment-pending', TIMESTAMP '2021-10-07 00:00:00.000000', 'tx9');
INSERT INTO F21_S001_22_PAYMENT_PLAN
(BILL_ID, INS_AMOUNT, PAT_AMOUNT, STATUS, DATETIME, TX_ID)
VALUES('inv110', 1.88, 5.94, 'insurance-denied', TIMESTAMP '2021-10-03 00:00:00.000000', 'tx10');
INSERT INTO F21_S001_22_PAYMENT_PLAN
(BILL_ID, INS_AMOUNT, PAT_AMOUNT, STATUS, DATETIME, TX_ID)
VALUES('inv111', 9.65, 2.3, 'payment-done', TIMESTAMP '2021-10-15 00:00:00.000000', 'tx11');
INSERT INTO F21_S001_22_PAYMENT_PLAN
(BILL_ID, INS_AMOUNT, PAT_AMOUNT, STATUS, DATETIME, TX_ID)
VALUES('inv112', 62.64, 18, 'insurance-denied', TIMESTAMP '2021-09-29 00:00:00.000000', 'tx12');
INSERT INTO F21_S001_22_PAYMENT_PLAN
(BILL_ID, INS_AMOUNT, PAT_AMOUNT, STATUS, DATETIME, TX_ID)
VALUES('inv113', 6.1, 0.98, 'patient-payment-pending', TIMESTAMP '2021-04-19 00:00:00.000000', 'tx13');
INSERT INTO F21_S001_22_PAYMENT_PLAN
(BILL_ID, INS_AMOUNT, PAT_AMOUNT, STATUS, DATETIME, TX_ID)
VALUES('inv114', 54.48, 10.32, 'insurance-payment-pending', TIMESTAMP '2021-07-19 00:00:00.000000', 'tx14');
INSERT INTO F21_S001_22_PAYMENT_PLAN
(BILL_ID, INS_AMOUNT, PAT_AMOUNT, STATUS, DATETIME, TX_ID)
VALUES('inv115', 20.35, 5.24, 'patient-payment-pending', TIMESTAMP '2020-11-26 00:00:00.000000', 'tx15');
INSERT INTO F21_S001_22_PAYMENT_PLAN
(BILL_ID, INS_AMOUNT, PAT_AMOUNT, STATUS, DATETIME, TX_ID)
VALUES('inv116', 14.44, 28.31, 'insurance-denied', TIMESTAMP '2021-09-01 00:00:00.000000', 'tx16');
INSERT INTO F21_S001_22_PAYMENT_PLAN
(BILL_ID, INS_AMOUNT, PAT_AMOUNT, STATUS, DATETIME, TX_ID)
VALUES('inv117', 16.54, 1.28, 'payment-done', TIMESTAMP '2021-10-31 00:00:00.000000', 'tx17');
INSERT INTO F21_S001_22_PAYMENT_PLAN
(BILL_ID, INS_AMOUNT, PAT_AMOUNT, STATUS, DATETIME, TX_ID)
VALUES('inv118', 22.08, 8.37, 'patient-payment-pending', TIMESTAMP '2021-03-15 00:00:00.000000', 'tx18');
INSERT INTO F21_S001_22_PAYMENT_PLAN
(BILL_ID, INS_AMOUNT, PAT_AMOUNT, STATUS, DATETIME, TX_ID)
VALUES('inv119', 48.83, 18.32, 'payment-done', TIMESTAMP '2021-07-10 00:00:00.000000', 'tx19');
INSERT INTO F21_S001_22_PAYMENT_PLAN
(BILL_ID, INS_AMOUNT, PAT_AMOUNT, STATUS, DATETIME, TX_ID)
VALUES('inv120', 20.01, 16.83, 'payment-done', TIMESTAMP '2021-08-22 00:00:00.000000', 'tx20');
INSERT INTO F21_S001_22_PAYMENT_PLAN
(BILL_ID, INS_AMOUNT, PAT_AMOUNT, STATUS, DATETIME, TX_ID)
VALUES('inv121', 68.59, 1.17, 'patient-payment-pending', TIMESTAMP '2021-10-28 00:00:00.000000', 'tx21');
INSERT INTO F21_S001_22_PAYMENT_PLAN
(BILL_ID, INS_AMOUNT, PAT_AMOUNT, STATUS, DATETIME, TX_ID)
VALUES('inv122', 58.76, 5.62, 'patient-payment-pending', TIMESTAMP '2021-07-05 00:00:00.000000', 'tx22');
INSERT INTO F21_S001_22_PAYMENT_PLAN
(BILL_ID, INS_AMOUNT, PAT_AMOUNT, STATUS, DATETIME, TX_ID)
VALUES('inv123', 18.6, 6.21, 'payment-done', TIMESTAMP '2021-07-01 00:00:00.000000', 'tx23');
INSERT INTO F21_S001_22_PAYMENT_PLAN
(BILL_ID, INS_AMOUNT, PAT_AMOUNT, STATUS, DATETIME, TX_ID)
VALUES('inv124', 58.34, 1.34, 'patient-payment-pending', TIMESTAMP '2021-08-04 00:00:00.000000', 'tx24');
INSERT INTO F21_S001_22_PAYMENT_PLAN
(BILL_ID, INS_AMOUNT, PAT_AMOUNT, STATUS, DATETIME, TX_ID)
VALUES('inv125', 41.39, 17.19, 'insurance-payment-pending', TIMESTAMP '2021-10-06 00:00:00.000000', 'tx25');
INSERT INTO F21_S001_22_PAYMENT_PLAN
(BILL_ID, INS_AMOUNT, PAT_AMOUNT, STATUS, DATETIME, TX_ID)
VALUES('inv126', 17.77, 18.7, 'payment-done', TIMESTAMP '2021-07-11 00:00:00.000000', 'tx26');
INSERT INTO F21_S001_22_PAYMENT_PLAN
(BILL_ID, INS_AMOUNT, PAT_AMOUNT, STATUS, DATETIME, TX_ID)
VALUES('inv127', 61.53, 14.24, 'insurance-denied', TIMESTAMP '2021-06-06 00:00:00.000000', 'tx27');
INSERT INTO F21_S001_22_PAYMENT_PLAN
(BILL_ID, INS_AMOUNT, PAT_AMOUNT, STATUS, DATETIME, TX_ID)
VALUES('inv128', 12.89, 14.53, 'insurance-payment-pending', TIMESTAMP '2021-08-16 00:00:00.000000', 'tx28');
INSERT INTO F21_S001_22_PAYMENT_PLAN
(BILL_ID, INS_AMOUNT, PAT_AMOUNT, STATUS, DATETIME, TX_ID)
VALUES('inv129', 0.09, 24.63, 'insurance-payment-pending', TIMESTAMP '2020-12-12 00:00:00.000000', 'tx29');
INSERT INTO F21_S001_22_PAYMENT_PLAN
(BILL_ID, INS_AMOUNT, PAT_AMOUNT, STATUS, DATETIME, TX_ID)
VALUES('inv130', 55.41, 18.05, 'patient-payment-pending', TIMESTAMP '2021-10-27 00:00:00.000000', 'tx30');
INSERT INTO F21_S001_22_PAYMENT_PLAN
(BILL_ID, INS_AMOUNT, PAT_AMOUNT, STATUS, DATETIME, TX_ID)
VALUES('inv131', 51.1, 6.33, 'patient-payment-pending', TIMESTAMP '2021-09-27 00:00:00.000000', 'tx31');
INSERT INTO F21_S001_22_PAYMENT_PLAN
(BILL_ID, INS_AMOUNT, PAT_AMOUNT, STATUS, DATETIME, TX_ID)
VALUES('inv132', 46.41, 6.53, 'patient-payment-pending', TIMESTAMP '2021-05-24 00:00:00.000000', 'tx32');
INSERT INTO F21_S001_22_PAYMENT_PLAN
(BILL_ID, INS_AMOUNT, PAT_AMOUNT, STATUS, DATETIME, TX_ID)
VALUES('inv133', 69.98, 27.38, 'payment-done', TIMESTAMP '2021-02-25 00:00:00.000000', 'tx33');
INSERT INTO F21_S001_22_PAYMENT_PLAN
(BILL_ID, INS_AMOUNT, PAT_AMOUNT, STATUS, DATETIME, TX_ID)
VALUES('inv134', 23.43, 21.56, 'insurance-denied', TIMESTAMP '2021-08-05 00:00:00.000000', 'tx34');
INSERT INTO F21_S001_22_PAYMENT_PLAN
(BILL_ID, INS_AMOUNT, PAT_AMOUNT, STATUS, DATETIME, TX_ID)
VALUES('inv135', 47.16, 23.42, 'payment-done', TIMESTAMP '2021-02-22 00:00:00.000000', 'tx35');
INSERT INTO F21_S001_22_PAYMENT_PLAN
(BILL_ID, INS_AMOUNT, PAT_AMOUNT, STATUS, DATETIME, TX_ID)
VALUES('inv136', 29.21, 28.37, 'payment-done', TIMESTAMP '2021-01-06 00:00:00.000000', 'tx36');
INSERT INTO F21_S001_22_PAYMENT_PLAN
(BILL_ID, INS_AMOUNT, PAT_AMOUNT, STATUS, DATETIME, TX_ID)
VALUES('inv137', 33.22, 9.09, 'pending-insurance-approval', TIMESTAMP '2021-02-11 00:00:00.000000', 'tx37');
INSERT INTO F21_S001_22_PAYMENT_PLAN
(BILL_ID, INS_AMOUNT, PAT_AMOUNT, STATUS, DATETIME, TX_ID)
VALUES('inv138', 61.83, 2.71, 'pending-insurance-approval', TIMESTAMP '2021-07-30 00:00:00.000000', 'tx38');
INSERT INTO F21_S001_22_PAYMENT_PLAN
(BILL_ID, INS_AMOUNT, PAT_AMOUNT, STATUS, DATETIME, TX_ID)
VALUES('inv139', 44.38, 16.91, 'insurance-denied', TIMESTAMP '2021-02-18 00:00:00.000000', 'tx39');
INSERT INTO F21_S001_22_PAYMENT_PLAN
(BILL_ID, INS_AMOUNT, PAT_AMOUNT, STATUS, DATETIME, TX_ID)
VALUES('inv140', 46.95, 20.47, 'pending-insurance-approval', TIMESTAMP '2021-07-22 00:00:00.000000', 'tx40');
INSERT INTO F21_S001_22_PAYMENT_PLAN
(BILL_ID, INS_AMOUNT, PAT_AMOUNT, STATUS, DATETIME, TX_ID)
VALUES('inv141', 46.3, 10.56, 'insurance-payment-pending', TIMESTAMP '2021-08-04 00:00:00.000000', 'tx41');
INSERT INTO F21_S001_22_PAYMENT_PLAN
(BILL_ID, INS_AMOUNT, PAT_AMOUNT, STATUS, DATETIME, TX_ID)
VALUES('inv142', 57.27, 15.03, 'insurance-payment-pending', TIMESTAMP '2021-11-06 00:00:00.000000', 'tx42');
INSERT INTO F21_S001_22_PAYMENT_PLAN
(BILL_ID, INS_AMOUNT, PAT_AMOUNT, STATUS, DATETIME, TX_ID)
VALUES('inv143', 67.29, 9.49, 'pending-insurance-approval', TIMESTAMP '2021-06-06 00:00:00.000000', 'tx43');
INSERT INTO F21_S001_22_PAYMENT_PLAN
(BILL_ID, INS_AMOUNT, PAT_AMOUNT, STATUS, DATETIME, TX_ID)
VALUES('inv144', 37.14, 13.46, 'insurance-payment-pending', TIMESTAMP '2021-10-13 00:00:00.000000', 'tx44');
INSERT INTO F21_S001_22_PAYMENT_PLAN
(BILL_ID, INS_AMOUNT, PAT_AMOUNT, STATUS, DATETIME, TX_ID)
VALUES('inv145', 24.07, 5.7, 'insurance-denied', TIMESTAMP '2021-06-15 00:00:00.000000', 'tx45');
INSERT INTO F21_S001_22_PAYMENT_PLAN
(BILL_ID, INS_AMOUNT, PAT_AMOUNT, STATUS, DATETIME, TX_ID)
VALUES('inv146', 6.74, 21.91, 'insurance-payment-pending', TIMESTAMP '2021-04-06 00:00:00.000000', 'tx46');
INSERT INTO F21_S001_22_PAYMENT_PLAN
(BILL_ID, INS_AMOUNT, PAT_AMOUNT, STATUS, DATETIME, TX_ID)
VALUES('inv147', 23.42, 8.34, 'patient-payment-pending', TIMESTAMP '2021-08-07 00:00:00.000000', 'tx47');
INSERT INTO F21_S001_22_PAYMENT_PLAN
(BILL_ID, INS_AMOUNT, PAT_AMOUNT, STATUS, DATETIME, TX_ID)
VALUES('inv148', 41.71, 14.8, 'insurance-denied', TIMESTAMP '2021-11-14 00:00:00.000000', 'tx48');
INSERT INTO F21_S001_22_PAYMENT_PLAN
(BILL_ID, INS_AMOUNT, PAT_AMOUNT, STATUS, DATETIME, TX_ID)
VALUES('inv149', 49.09, 26.51, 'insurance-denied', TIMESTAMP '2020-12-11 00:00:00.000000', 'tx49');
INSERT INTO F21_S001_22_PAYMENT_PLAN
(BILL_ID, INS_AMOUNT, PAT_AMOUNT, STATUS, DATETIME, TX_ID)
VALUES('inv150', 64.6, 7.45, 'payment-done', TIMESTAMP '2021-04-12 00:00:00.000000', 'tx50');
INSERT INTO F21_S001_22_PAYMENT_PLAN
(BILL_ID, INS_AMOUNT, PAT_AMOUNT, STATUS, DATETIME, TX_ID)
VALUES('inv151', 3.36, 7.61, 'payment-done', TIMESTAMP '2021-05-14 00:00:00.000000', 'tx51');
INSERT INTO F21_S001_22_PAYMENT_PLAN
(BILL_ID, INS_AMOUNT, PAT_AMOUNT, STATUS, DATETIME, TX_ID)
VALUES('inv152', 20.82, 29.23, 'pending-insurance-approval', TIMESTAMP '2021-04-23 00:00:00.000000', 'tx52');
INSERT INTO F21_S001_22_PAYMENT_PLAN
(BILL_ID, INS_AMOUNT, PAT_AMOUNT, STATUS, DATETIME, TX_ID)
VALUES('inv153', 67.23, 17.36, 'insurance-denied', TIMESTAMP '2021-07-11 00:00:00.000000', 'tx53');
INSERT INTO F21_S001_22_PAYMENT_PLAN
(BILL_ID, INS_AMOUNT, PAT_AMOUNT, STATUS, DATETIME, TX_ID)
VALUES('inv154', 62.32, 21.88, 'payment-done', TIMESTAMP '2021-05-23 00:00:00.000000', 'tx54');
INSERT INTO F21_S001_22_PAYMENT_PLAN
(BILL_ID, INS_AMOUNT, PAT_AMOUNT, STATUS, DATETIME, TX_ID)
VALUES('inv155', 60.61, 1.12, 'patient-payment-pending', TIMESTAMP '2020-11-22 00:00:00.000000', 'tx55');
INSERT INTO F21_S001_22_PAYMENT_PLAN
(BILL_ID, INS_AMOUNT, PAT_AMOUNT, STATUS, DATETIME, TX_ID)
VALUES('inv156', 30.94, 20.15, 'insurance-payment-pending', TIMESTAMP '2021-02-01 00:00:00.000000', 'tx56');
INSERT INTO F21_S001_22_PAYMENT_PLAN
(BILL_ID, INS_AMOUNT, PAT_AMOUNT, STATUS, DATETIME, TX_ID)
VALUES('inv157', 18.76, 17.01, 'insurance-denied', TIMESTAMP '2021-03-27 00:00:00.000000', 'tx57');
INSERT INTO F21_S001_22_PAYMENT_PLAN
(BILL_ID, INS_AMOUNT, PAT_AMOUNT, STATUS, DATETIME, TX_ID)
VALUES('inv158', 2.13, 1.59, 'insurance-payment-pending', TIMESTAMP '2021-01-23 00:00:00.000000', 'tx58');
INSERT INTO F21_S001_22_PAYMENT_PLAN
(BILL_ID, INS_AMOUNT, PAT_AMOUNT, STATUS, DATETIME, TX_ID)
VALUES('inv159', 36.22, 8.46, 'pending-insurance-approval', TIMESTAMP '2021-08-17 00:00:00.000000', 'tx59');
INSERT INTO F21_S001_22_PAYMENT_PLAN
(BILL_ID, INS_AMOUNT, PAT_AMOUNT, STATUS, DATETIME, TX_ID)
VALUES('inv160', 5.93, 9.78, 'patient-payment-pending', TIMESTAMP '2021-10-16 00:00:00.000000', 'tx60');
INSERT INTO F21_S001_22_PAYMENT_PLAN
(BILL_ID, INS_AMOUNT, PAT_AMOUNT, STATUS, DATETIME, TX_ID)
VALUES('inv161', 18.74, 5.37, 'patient-payment-pending', TIMESTAMP '2021-06-16 00:00:00.000000', 'tx61');
INSERT INTO F21_S001_22_PAYMENT_PLAN
(BILL_ID, INS_AMOUNT, PAT_AMOUNT, STATUS, DATETIME, TX_ID)
VALUES('inv162', 34.59, 23.8, 'insurance-payment-pending', TIMESTAMP '2021-11-03 00:00:00.000000', 'tx62');
INSERT INTO F21_S001_22_PAYMENT_PLAN
(BILL_ID, INS_AMOUNT, PAT_AMOUNT, STATUS, DATETIME, TX_ID)
VALUES('inv163', 6.06, 24.22, 'insurance-denied', TIMESTAMP '2021-06-22 00:00:00.000000', 'tx63');
INSERT INTO F21_S001_22_PAYMENT_PLAN
(BILL_ID, INS_AMOUNT, PAT_AMOUNT, STATUS, DATETIME, TX_ID)
VALUES('inv164', 45.93, 23.2, 'insurance-payment-pending', TIMESTAMP '2020-12-26 00:00:00.000000', 'tx64');
INSERT INTO F21_S001_22_PAYMENT_PLAN
(BILL_ID, INS_AMOUNT, PAT_AMOUNT, STATUS, DATETIME, TX_ID)
VALUES('inv165', 50.64, 26.09, 'patient-payment-pending', TIMESTAMP '2021-01-11 00:00:00.000000', 'tx65');
INSERT INTO F21_S001_22_PAYMENT_PLAN
(BILL_ID, INS_AMOUNT, PAT_AMOUNT, STATUS, DATETIME, TX_ID)
VALUES('inv166', 23.94, 6.22, 'payment-done', TIMESTAMP '2021-09-01 00:00:00.000000', 'tx66');
INSERT INTO F21_S001_22_PAYMENT_PLAN
(BILL_ID, INS_AMOUNT, PAT_AMOUNT, STATUS, DATETIME, TX_ID)
VALUES('inv167', 4.99, 5.5, 'pending-insurance-approval', TIMESTAMP '2021-05-29 00:00:00.000000', 'tx67');
INSERT INTO F21_S001_22_PAYMENT_PLAN
(BILL_ID, INS_AMOUNT, PAT_AMOUNT, STATUS, DATETIME, TX_ID)
VALUES('inv168', 44.41, 17.34, 'patient-payment-pending', TIMESTAMP '2021-01-31 00:00:00.000000', 'tx68');
INSERT INTO F21_S001_22_PAYMENT_PLAN
(BILL_ID, INS_AMOUNT, PAT_AMOUNT, STATUS, DATETIME, TX_ID)
VALUES('inv169', 42, 15.89, 'insurance-denied', TIMESTAMP '2021-04-15 00:00:00.000000', 'tx69');
INSERT INTO F21_S001_22_PAYMENT_PLAN
(BILL_ID, INS_AMOUNT, PAT_AMOUNT, STATUS, DATETIME, TX_ID)
VALUES('inv170', 55.5, 4.31, 'patient-payment-pending', TIMESTAMP '2021-07-02 00:00:00.000000', 'tx70');
INSERT INTO F21_S001_22_PAYMENT_PLAN
(BILL_ID, INS_AMOUNT, PAT_AMOUNT, STATUS, DATETIME, TX_ID)
VALUES('inv171', 12.51, 5.73, 'insurance-payment-pending', TIMESTAMP '2020-11-16 00:00:00.000000', 'tx71');
INSERT INTO F21_S001_22_PAYMENT_PLAN
(BILL_ID, INS_AMOUNT, PAT_AMOUNT, STATUS, DATETIME, TX_ID)
VALUES('inv172', 43.12, 9.8, 'insurance-payment-pending', TIMESTAMP '2021-06-29 00:00:00.000000', 'tx72');
INSERT INTO F21_S001_22_PAYMENT_PLAN
(BILL_ID, INS_AMOUNT, PAT_AMOUNT, STATUS, DATETIME, TX_ID)
VALUES('inv173', 29.12, 1.98, 'pending-insurance-approval', TIMESTAMP '2021-08-02 00:00:00.000000', 'tx73');
INSERT INTO F21_S001_22_PAYMENT_PLAN
(BILL_ID, INS_AMOUNT, PAT_AMOUNT, STATUS, DATETIME, TX_ID)
VALUES('inv174', 54.96, 24.29, 'payment-done', TIMESTAMP '2021-05-05 00:00:00.000000', 'tx74');
INSERT INTO F21_S001_22_PAYMENT_PLAN
(BILL_ID, INS_AMOUNT, PAT_AMOUNT, STATUS, DATETIME, TX_ID)
VALUES('inv175', 50.31, 0.89, 'patient-payment-pending', TIMESTAMP '2021-06-02 00:00:00.000000', 'tx75');
INSERT INTO F21_S001_22_PAYMENT_PLAN
(BILL_ID, INS_AMOUNT, PAT_AMOUNT, STATUS, DATETIME, TX_ID)
VALUES('inv176', 19.01, 6.64, 'insurance-denied', TIMESTAMP '2021-09-19 00:00:00.000000', 'tx76');
INSERT INTO F21_S001_22_PAYMENT_PLAN
(BILL_ID, INS_AMOUNT, PAT_AMOUNT, STATUS, DATETIME, TX_ID)
VALUES('inv177', 66.94, 4.25, 'pending-insurance-approval', TIMESTAMP '2021-11-14 00:00:00.000000', 'tx77');
INSERT INTO F21_S001_22_PAYMENT_PLAN
(BILL_ID, INS_AMOUNT, PAT_AMOUNT, STATUS, DATETIME, TX_ID)
VALUES('inv178', 49.13, 28.79, 'patient-payment-pending', TIMESTAMP '2021-01-04 00:00:00.000000', 'tx78');
INSERT INTO F21_S001_22_PAYMENT_PLAN
(BILL_ID, INS_AMOUNT, PAT_AMOUNT, STATUS, DATETIME, TX_ID)
VALUES('inv179', 4.82, 22.38, 'pending-insurance-approval', TIMESTAMP '2021-02-07 00:00:00.000000', 'tx79');
INSERT INTO F21_S001_22_PAYMENT_PLAN
(BILL_ID, INS_AMOUNT, PAT_AMOUNT, STATUS, DATETIME, TX_ID)
VALUES('inv180', 48.11, 24.58, 'pending-insurance-approval', TIMESTAMP '2021-06-28 00:00:00.000000', 'tx80');
INSERT INTO F21_S001_22_PAYMENT_PLAN
(BILL_ID, INS_AMOUNT, PAT_AMOUNT, STATUS, DATETIME, TX_ID)
VALUES('inv181', 67.75, 8.76, 'pending-insurance-approval', TIMESTAMP '2021-11-13 00:00:00.000000', 'tx81');
INSERT INTO F21_S001_22_PAYMENT_PLAN
(BILL_ID, INS_AMOUNT, PAT_AMOUNT, STATUS, DATETIME, TX_ID)
VALUES('inv182', 3.57, 5.06, 'pending-insurance-approval', TIMESTAMP '2021-07-02 00:00:00.000000', 'tx82');
INSERT INTO F21_S001_22_PAYMENT_PLAN
(BILL_ID, INS_AMOUNT, PAT_AMOUNT, STATUS, DATETIME, TX_ID)
VALUES('inv183', 69.66, 12.22, 'insurance-denied', TIMESTAMP '2020-12-17 00:00:00.000000', 'tx83');
INSERT INTO F21_S001_22_PAYMENT_PLAN
(BILL_ID, INS_AMOUNT, PAT_AMOUNT, STATUS, DATETIME, TX_ID)
VALUES('inv184', 47.15, 20.37, 'pending-insurance-approval', TIMESTAMP '2020-11-16 00:00:00.000000', 'tx84');
INSERT INTO F21_S001_22_PAYMENT_PLAN
(BILL_ID, INS_AMOUNT, PAT_AMOUNT, STATUS, DATETIME, TX_ID)
VALUES('inv185', 61.62, 3.34, 'patient-payment-pending', TIMESTAMP '2021-09-27 00:00:00.000000', 'tx85');
INSERT INTO F21_S001_22_PAYMENT_PLAN
(BILL_ID, INS_AMOUNT, PAT_AMOUNT, STATUS, DATETIME, TX_ID)
VALUES('inv186', 16.68, 7.83, 'insurance-payment-pending', TIMESTAMP '2021-08-21 00:00:00.000000', 'tx86');
INSERT INTO F21_S001_22_PAYMENT_PLAN
(BILL_ID, INS_AMOUNT, PAT_AMOUNT, STATUS, DATETIME, TX_ID)
VALUES('inv187', 54.19, 18.1, 'payment-done', TIMESTAMP '2021-02-27 00:00:00.000000', 'tx87');
INSERT INTO F21_S001_22_PAYMENT_PLAN
(BILL_ID, INS_AMOUNT, PAT_AMOUNT, STATUS, DATETIME, TX_ID)
VALUES('inv188', 45.95, 18.52, 'patient-payment-pending', TIMESTAMP '2021-05-26 00:00:00.000000', 'tx88');
INSERT INTO F21_S001_22_PAYMENT_PLAN
(BILL_ID, INS_AMOUNT, PAT_AMOUNT, STATUS, DATETIME, TX_ID)
VALUES('inv189', 46.3, 7.46, 'payment-done', TIMESTAMP '2021-04-16 00:00:00.000000', 'tx89');
INSERT INTO F21_S001_22_PAYMENT_PLAN
(BILL_ID, INS_AMOUNT, PAT_AMOUNT, STATUS, DATETIME, TX_ID)
VALUES('inv190', 69.31, 26.95, 'patient-payment-pending', TIMESTAMP '2021-01-16 00:00:00.000000', 'tx90');
INSERT INTO F21_S001_22_PAYMENT_PLAN
(BILL_ID, INS_AMOUNT, PAT_AMOUNT, STATUS, DATETIME, TX_ID)
VALUES('inv191', 61.1, 26.45, 'pending-insurance-approval', TIMESTAMP '2021-05-01 00:00:00.000000', 'tx91');
INSERT INTO F21_S001_22_PAYMENT_PLAN
(BILL_ID, INS_AMOUNT, PAT_AMOUNT, STATUS, DATETIME, TX_ID)
VALUES('inv192', 2.44, 16.47, 'patient-payment-pending', TIMESTAMP '2021-10-10 00:00:00.000000', 'tx92');
INSERT INTO F21_S001_22_PAYMENT_PLAN
(BILL_ID, INS_AMOUNT, PAT_AMOUNT, STATUS, DATETIME, TX_ID)
VALUES('inv193', 51.12, 21.6, 'payment-done', TIMESTAMP '2021-09-17 00:00:00.000000', 'tx93');
INSERT INTO F21_S001_22_PAYMENT_PLAN
(BILL_ID, INS_AMOUNT, PAT_AMOUNT, STATUS, DATETIME, TX_ID)
VALUES('inv194', 40.16, 23.02, 'payment-done', TIMESTAMP '2021-08-31 00:00:00.000000', 'tx94');
INSERT INTO F21_S001_22_PAYMENT_PLAN
(BILL_ID, INS_AMOUNT, PAT_AMOUNT, STATUS, DATETIME, TX_ID)
VALUES('inv195', 36.29, 25.59, 'insurance-payment-pending', TIMESTAMP '2021-10-15 00:00:00.000000', 'tx95');
INSERT INTO F21_S001_22_PAYMENT_PLAN
(BILL_ID, INS_AMOUNT, PAT_AMOUNT, STATUS, DATETIME, TX_ID)
VALUES('inv196', 36.12, 13.85, 'patient-payment-pending', TIMESTAMP '2021-06-11 00:00:00.000000', 'tx96');
INSERT INTO F21_S001_22_PAYMENT_PLAN
(BILL_ID, INS_AMOUNT, PAT_AMOUNT, STATUS, DATETIME, TX_ID)
VALUES('inv197', 20.27, 22.47, 'payment-done', TIMESTAMP '2021-10-25 00:00:00.000000', 'tx97');
INSERT INTO F21_S001_22_PAYMENT_PLAN
(BILL_ID, INS_AMOUNT, PAT_AMOUNT, STATUS, DATETIME, TX_ID)
VALUES('inv198', 47.93, 21.67, 'insurance-payment-pending', TIMESTAMP '2021-07-23 00:00:00.000000', 'tx98');
INSERT INTO F21_S001_22_PAYMENT_PLAN
(BILL_ID, INS_AMOUNT, PAT_AMOUNT, STATUS, DATETIME, TX_ID)
VALUES('inv199', 52.88, 14.7, 'payment-done', TIMESTAMP '2021-05-22 00:00:00.000000', 'tx99');
INSERT INTO F21_S001_22_PAYMENT_PLAN
(BILL_ID, INS_AMOUNT, PAT_AMOUNT, STATUS, DATETIME, TX_ID)
VALUES('inv200', 19.35, 13.35, 'insurance-payment-pending', TIMESTAMP '2021-05-26 00:00:00.000000', 'tx100');
INSERT INTO F21_S001_22_PAYMENT_PLAN
(BILL_ID, INS_AMOUNT, PAT_AMOUNT, STATUS, DATETIME, TX_ID)
VALUES('inv201', 9.3, 5.69, 'payment-done', TIMESTAMP '2021-06-30 00:00:00.000000', 'tx101');
INSERT INTO F21_S001_22_PAYMENT_PLAN
(BILL_ID, INS_AMOUNT, PAT_AMOUNT, STATUS, DATETIME, TX_ID)
VALUES('inv202', 55.96, 24.23, 'payment-done', TIMESTAMP '2021-03-16 00:00:00.000000', 'tx102');
INSERT INTO F21_S001_22_PAYMENT_PLAN
(BILL_ID, INS_AMOUNT, PAT_AMOUNT, STATUS, DATETIME, TX_ID)
VALUES('inv203', 23.15, 16.74, 'patient-payment-pending', TIMESTAMP '2020-11-18 00:00:00.000000', 'tx103');
INSERT INTO F21_S001_22_PAYMENT_PLAN
(BILL_ID, INS_AMOUNT, PAT_AMOUNT, STATUS, DATETIME, TX_ID)
VALUES('inv204', 21.43, 22.62, 'payment-done', TIMESTAMP '2021-10-09 00:00:00.000000', 'tx104');
INSERT INTO F21_S001_22_PAYMENT_PLAN
(BILL_ID, INS_AMOUNT, PAT_AMOUNT, STATUS, DATETIME, TX_ID)
VALUES('inv205', 21.99, 9.51, 'patient-payment-pending', TIMESTAMP '2021-08-31 00:00:00.000000', 'tx105');
INSERT INTO F21_S001_22_PAYMENT_PLAN
(BILL_ID, INS_AMOUNT, PAT_AMOUNT, STATUS, DATETIME, TX_ID)
VALUES('inv206', 32.04, 12.28, 'patient-payment-pending', TIMESTAMP '2021-07-06 00:00:00.000000', 'tx106');
INSERT INTO F21_S001_22_PAYMENT_PLAN
(BILL_ID, INS_AMOUNT, PAT_AMOUNT, STATUS, DATETIME, TX_ID)
VALUES('inv207', 64.09, 8.02, 'pending-insurance-approval', TIMESTAMP '2021-03-11 00:00:00.000000', 'tx107');
INSERT INTO F21_S001_22_PAYMENT_PLAN
(BILL_ID, INS_AMOUNT, PAT_AMOUNT, STATUS, DATETIME, TX_ID)
VALUES('inv208', 50.05, 8.05, 'payment-done', TIMESTAMP '2020-11-22 00:00:00.000000', 'tx108');
INSERT INTO F21_S001_22_PAYMENT_PLAN
(BILL_ID, INS_AMOUNT, PAT_AMOUNT, STATUS, DATETIME, TX_ID)
VALUES('inv209', 35.69, 4.66, 'pending-insurance-approval', TIMESTAMP '2021-01-25 00:00:00.000000', 'tx109');
INSERT INTO F21_S001_22_PAYMENT_PLAN
(BILL_ID, INS_AMOUNT, PAT_AMOUNT, STATUS, DATETIME, TX_ID)
VALUES('inv210', 48.93, 19.44, 'insurance-denied', TIMESTAMP '2020-12-23 00:00:00.000000', 'tx110');
INSERT INTO F21_S001_22_PAYMENT_PLAN
(BILL_ID, INS_AMOUNT, PAT_AMOUNT, STATUS, DATETIME, TX_ID)
VALUES('inv211', 49.65, 8.76, 'payment-done', TIMESTAMP '2021-07-03 00:00:00.000000', 'tx111');
INSERT INTO F21_S001_22_PAYMENT_PLAN
(BILL_ID, INS_AMOUNT, PAT_AMOUNT, STATUS, DATETIME, TX_ID)
VALUES('inv212', 56.09, 19.15, 'patient-payment-pending', TIMESTAMP '2021-05-10 00:00:00.000000', 'tx112');
INSERT INTO F21_S001_22_PAYMENT_PLAN
(BILL_ID, INS_AMOUNT, PAT_AMOUNT, STATUS, DATETIME, TX_ID)
VALUES('inv213', 28.89, 8.72, 'insurance-denied', TIMESTAMP '2021-09-15 00:00:00.000000', 'tx113');
INSERT INTO F21_S001_22_PAYMENT_PLAN
(BILL_ID, INS_AMOUNT, PAT_AMOUNT, STATUS, DATETIME, TX_ID)
VALUES('inv214', 43.96, 15.49, 'patient-payment-pending', TIMESTAMP '2021-03-27 00:00:00.000000', 'tx114');
INSERT INTO F21_S001_22_PAYMENT_PLAN
(BILL_ID, INS_AMOUNT, PAT_AMOUNT, STATUS, DATETIME, TX_ID)
VALUES('inv215', 20.7, 15.58, 'pending-insurance-approval', TIMESTAMP '2021-03-10 00:00:00.000000', 'tx115');
INSERT INTO F21_S001_22_PAYMENT_PLAN
(BILL_ID, INS_AMOUNT, PAT_AMOUNT, STATUS, DATETIME, TX_ID)
VALUES('inv216', 10.34, 29.55, 'patient-payment-pending', TIMESTAMP '2021-10-11 00:00:00.000000', 'tx116');
INSERT INTO F21_S001_22_PAYMENT_PLAN
(BILL_ID, INS_AMOUNT, PAT_AMOUNT, STATUS, DATETIME, TX_ID)
VALUES('inv217', 42.63, 17.43, 'insurance-denied', TIMESTAMP '2021-08-03 00:00:00.000000', 'tx117');
INSERT INTO F21_S001_22_PAYMENT_PLAN
(BILL_ID, INS_AMOUNT, PAT_AMOUNT, STATUS, DATETIME, TX_ID)
VALUES('inv218', 52.26, 15.86, 'insurance-payment-pending', TIMESTAMP '2020-11-25 00:00:00.000000', 'tx118');
INSERT INTO F21_S001_22_PAYMENT_PLAN
(BILL_ID, INS_AMOUNT, PAT_AMOUNT, STATUS, DATETIME, TX_ID)
VALUES('inv219', 56.52, 7.34, 'insurance-payment-pending', TIMESTAMP '2021-07-27 00:00:00.000000', 'tx119');
INSERT INTO F21_S001_22_PAYMENT_PLAN
(BILL_ID, INS_AMOUNT, PAT_AMOUNT, STATUS, DATETIME, TX_ID)
VALUES('inv220', 65.14, 14.03, 'insurance-denied', TIMESTAMP '2021-01-28 00:00:00.000000', 'tx120');
INSERT INTO F21_S001_22_PAYMENT_PLAN
(BILL_ID, INS_AMOUNT, PAT_AMOUNT, STATUS, DATETIME, TX_ID)
VALUES('inv221', 52.37, 4.39, 'pending-insurance-approval', TIMESTAMP '2021-08-07 00:00:00.000000', 'tx121');
INSERT INTO F21_S001_22_PAYMENT_PLAN
(BILL_ID, INS_AMOUNT, PAT_AMOUNT, STATUS, DATETIME, TX_ID)
VALUES('inv222', 59.81, 4.65, 'pending-insurance-approval', TIMESTAMP '2021-07-01 00:00:00.000000', 'tx122');
INSERT INTO F21_S001_22_PAYMENT_PLAN
(BILL_ID, INS_AMOUNT, PAT_AMOUNT, STATUS, DATETIME, TX_ID)
VALUES('inv223', 5.7, 15.72, 'insurance-denied', TIMESTAMP '2021-04-30 00:00:00.000000', 'tx123');
INSERT INTO F21_S001_22_PAYMENT_PLAN
(BILL_ID, INS_AMOUNT, PAT_AMOUNT, STATUS, DATETIME, TX_ID)
VALUES('inv224', 8.15, 25.37, 'pending-insurance-approval', TIMESTAMP '2021-03-25 00:00:00.000000', 'tx124');
INSERT INTO F21_S001_22_PAYMENT_PLAN
(BILL_ID, INS_AMOUNT, PAT_AMOUNT, STATUS, DATETIME, TX_ID)
VALUES('inv225', 35.42, 28.04, 'payment-done', TIMESTAMP '2021-04-28 00:00:00.000000', 'tx125');
INSERT INTO F21_S001_22_PAYMENT_PLAN
(BILL_ID, INS_AMOUNT, PAT_AMOUNT, STATUS, DATETIME, TX_ID)
VALUES('inv226', 14.11, 3.6, 'insurance-payment-pending', TIMESTAMP '2020-12-08 00:00:00.000000', 'tx126');
INSERT INTO F21_S001_22_PAYMENT_PLAN
(BILL_ID, INS_AMOUNT, PAT_AMOUNT, STATUS, DATETIME, TX_ID)
VALUES('inv227', 45.26, 10.81, 'payment-done', TIMESTAMP '2021-01-19 00:00:00.000000', 'tx127');
INSERT INTO F21_S001_22_PAYMENT_PLAN
(BILL_ID, INS_AMOUNT, PAT_AMOUNT, STATUS, DATETIME, TX_ID)
VALUES('inv228', 56.44, 29.5, 'payment-done', TIMESTAMP '2020-12-26 00:00:00.000000', 'tx128');
INSERT INTO F21_S001_22_PAYMENT_PLAN
(BILL_ID, INS_AMOUNT, PAT_AMOUNT, STATUS, DATETIME, TX_ID)
VALUES('inv229', 68.17, 1.55, 'insurance-denied', TIMESTAMP '2021-06-13 00:00:00.000000', 'tx129');
INSERT INTO F21_S001_22_PAYMENT_PLAN
(BILL_ID, INS_AMOUNT, PAT_AMOUNT, STATUS, DATETIME, TX_ID)
VALUES('inv230', 9.26, 2.77, 'patient-payment-pending', TIMESTAMP '2021-05-18 00:00:00.000000', 'tx130');
INSERT INTO F21_S001_22_PAYMENT_PLAN
(BILL_ID, INS_AMOUNT, PAT_AMOUNT, STATUS, DATETIME, TX_ID)
VALUES('inv231', 10.1, 27.13, 'patient-payment-pending', TIMESTAMP '2021-04-26 00:00:00.000000', 'tx131');
INSERT INTO F21_S001_22_PAYMENT_PLAN
(BILL_ID, INS_AMOUNT, PAT_AMOUNT, STATUS, DATETIME, TX_ID)
VALUES('inv232', 68.16, 1.92, 'pending-insurance-approval', TIMESTAMP '2020-12-15 00:00:00.000000', 'tx132');
INSERT INTO F21_S001_22_PAYMENT_PLAN
(BILL_ID, INS_AMOUNT, PAT_AMOUNT, STATUS, DATETIME, TX_ID)
VALUES('inv233', 39.14, 10.25, 'pending-insurance-approval', TIMESTAMP '2021-11-07 00:00:00.000000', 'tx133');
INSERT INTO F21_S001_22_PAYMENT_PLAN
(BILL_ID, INS_AMOUNT, PAT_AMOUNT, STATUS, DATETIME, TX_ID)
VALUES('inv234', 38.98, 5.13, 'payment-done', TIMESTAMP '2021-03-21 00:00:00.000000', 'tx134');
INSERT INTO F21_S001_22_PAYMENT_PLAN
(BILL_ID, INS_AMOUNT, PAT_AMOUNT, STATUS, DATETIME, TX_ID)
VALUES('inv235', 7.55, 5.24, 'insurance-denied', TIMESTAMP '2021-10-02 00:00:00.000000', 'tx135');
INSERT INTO F21_S001_22_PAYMENT_PLAN
(BILL_ID, INS_AMOUNT, PAT_AMOUNT, STATUS, DATETIME, TX_ID)
VALUES('inv236', 2.47, 20.96, 'patient-payment-pending', TIMESTAMP '2021-03-01 00:00:00.000000', 'tx136');
INSERT INTO F21_S001_22_PAYMENT_PLAN
(BILL_ID, INS_AMOUNT, PAT_AMOUNT, STATUS, DATETIME, TX_ID)
VALUES('inv237', 1.44, 29.13, 'insurance-payment-pending', TIMESTAMP '2021-04-26 00:00:00.000000', 'tx137');
INSERT INTO F21_S001_22_PAYMENT_PLAN
(BILL_ID, INS_AMOUNT, PAT_AMOUNT, STATUS, DATETIME, TX_ID)
VALUES('inv238', 55.77, 10.16, 'payment-done', TIMESTAMP '2021-06-16 00:00:00.000000', 'tx138');
INSERT INTO F21_S001_22_PAYMENT_PLAN
(BILL_ID, INS_AMOUNT, PAT_AMOUNT, STATUS, DATETIME, TX_ID)
VALUES('inv239', 68.16, 0.84, 'insurance-payment-pending', TIMESTAMP '2021-05-11 00:00:00.000000', 'tx139');
INSERT INTO F21_S001_22_PAYMENT_PLAN
(BILL_ID, INS_AMOUNT, PAT_AMOUNT, STATUS, DATETIME, TX_ID)
VALUES('inv240', 43.66, 1.42, 'insurance-denied', TIMESTAMP '2021-03-19 00:00:00.000000', 'tx140');
INSERT INTO F21_S001_22_PAYMENT_PLAN
(BILL_ID, INS_AMOUNT, PAT_AMOUNT, STATUS, DATETIME, TX_ID)
VALUES('inv241', 63.38, 3.18, 'insurance-denied', TIMESTAMP '2021-04-23 00:00:00.000000', 'tx141');
INSERT INTO F21_S001_22_PAYMENT_PLAN
(BILL_ID, INS_AMOUNT, PAT_AMOUNT, STATUS, DATETIME, TX_ID)
VALUES('inv242', 19.25, 20.51, 'insurance-payment-pending', TIMESTAMP '2020-11-20 00:00:00.000000', 'tx142');
INSERT INTO F21_S001_22_PAYMENT_PLAN
(BILL_ID, INS_AMOUNT, PAT_AMOUNT, STATUS, DATETIME, TX_ID)
VALUES('inv243', 29.76, 16.04, 'insurance-payment-pending', TIMESTAMP '2021-04-15 00:00:00.000000', 'tx143');
INSERT INTO F21_S001_22_PAYMENT_PLAN
(BILL_ID, INS_AMOUNT, PAT_AMOUNT, STATUS, DATETIME, TX_ID)
VALUES('inv244', 24.78, 24.13, 'patient-payment-pending', TIMESTAMP '2020-12-03 00:00:00.000000', 'tx144');
INSERT INTO F21_S001_22_PAYMENT_PLAN
(BILL_ID, INS_AMOUNT, PAT_AMOUNT, STATUS, DATETIME, TX_ID)
VALUES('inv245', 67.07, 19.11, 'insurance-payment-pending', TIMESTAMP '2020-12-04 00:00:00.000000', 'tx145');
INSERT INTO F21_S001_22_PAYMENT_PLAN
(BILL_ID, INS_AMOUNT, PAT_AMOUNT, STATUS, DATETIME, TX_ID)
VALUES('inv246', 49.6, 10.71, 'pending-insurance-approval', TIMESTAMP '2021-09-20 00:00:00.000000', 'tx146');
INSERT INTO F21_S001_22_PAYMENT_PLAN
(BILL_ID, INS_AMOUNT, PAT_AMOUNT, STATUS, DATETIME, TX_ID)
VALUES('inv247', 0.01, 24.18, 'pending-insurance-approval', TIMESTAMP '2021-08-17 00:00:00.000000', 'tx147');
INSERT INTO F21_S001_22_PAYMENT_PLAN
(BILL_ID, INS_AMOUNT, PAT_AMOUNT, STATUS, DATETIME, TX_ID)
VALUES('inv248', 32.94, 7.87, 'insurance-denied', TIMESTAMP '2021-01-07 00:00:00.000000', 'tx148');
INSERT INTO F21_S001_22_PAYMENT_PLAN
(BILL_ID, INS_AMOUNT, PAT_AMOUNT, STATUS, DATETIME, TX_ID)
VALUES('inv249', 46.39, 8.18, 'insurance-payment-pending', TIMESTAMP '2021-08-17 00:00:00.000000', 'tx149');
INSERT INTO F21_S001_22_PAYMENT_PLAN
(BILL_ID, INS_AMOUNT, PAT_AMOUNT, STATUS, DATETIME, TX_ID)
VALUES('inv250', 45.12, 10.6, 'pending-insurance-approval', TIMESTAMP '2021-04-19 00:00:00.000000', 'tx150');

-- ---------------------------------------------------------------------------------------------
-- Query to insert data to table F21_S001_22_lab_test
-- ---------------------------------------------------------------------------------------------

INSERT INTO F21_S001_22_LAB_TEST
(TEST_ID, NAME, TEST_TYPE, TEST_RESULT, STATUS, PAT_AMOUNT, PRACTICE_COST, EMP_ID, TX_ID)
VALUES('test101', 'Transcof', 'tomography', 'diam nam', 'payment-pending', 140.7, 25.57, 'emp1042', 'tx1');
INSERT INTO F21_S001_22_LAB_TEST
(TEST_ID, NAME, TEST_TYPE, TEST_RESULT, STATUS, PAT_AMOUNT, PRACTICE_COST, EMP_ID, TX_ID)
VALUES('test102', 'Tempsoft', 'diagnostic', 'sit amet erat', 'payment-pending', 153.92, 12.23, 'emp1042', 'tx2');
INSERT INTO F21_S001_22_LAB_TEST
(TEST_ID, NAME, TEST_TYPE, TEST_RESULT, STATUS, PAT_AMOUNT, PRACTICE_COST, EMP_ID, TX_ID)
VALUES('test103', 'Konklab', 'panoramic', 'eu est', 'in-progress', 91.59, 16.11, 'emp1036', 'tx3');
INSERT INTO F21_S001_22_LAB_TEST
(TEST_ID, NAME, TEST_TYPE, TEST_RESULT, STATUS, PAT_AMOUNT, PRACTICE_COST, EMP_ID, TX_ID)
VALUES('test104', 'Domainer', 'bitewing', 'libero ut massa', 'in-progress', 147.41, 27.32, 'emp1039', 'tx4');
INSERT INTO F21_S001_22_LAB_TEST
(TEST_ID, NAME, TEST_TYPE, TEST_RESULT, STATUS, PAT_AMOUNT, PRACTICE_COST, EMP_ID, TX_ID)
VALUES('test105', 'Zoolab', 'diagnostic', 'viverra dapibus', 'completed', 164.74, 19.04, 'emp1038', 'tx5');
INSERT INTO F21_S001_22_LAB_TEST
(TEST_ID, NAME, TEST_TYPE, TEST_RESULT, STATUS, PAT_AMOUNT, PRACTICE_COST, EMP_ID, TX_ID)
VALUES('test106', 'Fintone', 'periapical', 'nisl ut volutpat sapien', 'in-progress', 165.29, 10.54, 'emp1042', 'tx6');
INSERT INTO F21_S001_22_LAB_TEST
(TEST_ID, NAME, TEST_TYPE, TEST_RESULT, STATUS, PAT_AMOUNT, PRACTICE_COST, EMP_ID, TX_ID)
VALUES('test107', 'Treeflex', 'tomography', 'sit amet consectetuer', 'canceled', 103.43, 25.24, 'emp1036', 'tx7');
INSERT INTO F21_S001_22_LAB_TEST
(TEST_ID, NAME, TEST_TYPE, TEST_RESULT, STATUS, PAT_AMOUNT, PRACTICE_COST, EMP_ID, TX_ID)
VALUES('test108', 'Pannier', 'panoramic', 'amet eleifend', 'in-progress', 140.23, 18.22, 'emp1036', 'tx8');
INSERT INTO F21_S001_22_LAB_TEST
(TEST_ID, NAME, TEST_TYPE, TEST_RESULT, STATUS, PAT_AMOUNT, PRACTICE_COST, EMP_ID, TX_ID)
VALUES('test109', 'Zamit', 'periapical', 'ut ultrices', 'in-progress', 132.45, 7.68, 'emp1038', 'tx9');
INSERT INTO F21_S001_22_LAB_TEST
(TEST_ID, NAME, TEST_TYPE, TEST_RESULT, STATUS, PAT_AMOUNT, PRACTICE_COST, EMP_ID, TX_ID)
VALUES('test110', 'Otcom', 'tomography', 'id consequat', 'canceled', 143.74, 16.07, 'emp1039', 'tx10');
INSERT INTO F21_S001_22_LAB_TEST
(TEST_ID, NAME, TEST_TYPE, TEST_RESULT, STATUS, PAT_AMOUNT, PRACTICE_COST, EMP_ID, TX_ID)
VALUES('test111', 'Viva', 'panoramic', 'in imperdiet et commodo', 'payment-pending', 89.03, 20.98, 'emp1037', 'tx11');
INSERT INTO F21_S001_22_LAB_TEST
(TEST_ID, NAME, TEST_TYPE, TEST_RESULT, STATUS, PAT_AMOUNT, PRACTICE_COST, EMP_ID, TX_ID)
VALUES('test112', 'Lotlux', 'tomography', 'vestibulum ante ipsum', 'canceled', 145.72, 22.82, 'emp1040', 'tx12');
INSERT INTO F21_S001_22_LAB_TEST
(TEST_ID, NAME, TEST_TYPE, TEST_RESULT, STATUS, PAT_AMOUNT, PRACTICE_COST, EMP_ID, TX_ID)
VALUES('test113', 'Zontrax', 'periapical', 'sapien arcu sed', 'canceled', 87.84, 23.21, 'emp1036', 'tx13');
INSERT INTO F21_S001_22_LAB_TEST
(TEST_ID, NAME, TEST_TYPE, TEST_RESULT, STATUS, PAT_AMOUNT, PRACTICE_COST, EMP_ID, TX_ID)
VALUES('test114', 'Keylex', 'tomography', 'lacus', 'canceled', 109.1, 24.53, 'emp1039', 'tx14');
INSERT INTO F21_S001_22_LAB_TEST
(TEST_ID, NAME, TEST_TYPE, TEST_RESULT, STATUS, PAT_AMOUNT, PRACTICE_COST, EMP_ID, TX_ID)
VALUES('test115', 'Bitwolf', 'bitewing', 'pede ac diam', 'payment-pending', 169.57, 18.56, 'emp1042', 'tx15');
INSERT INTO F21_S001_22_LAB_TEST
(TEST_ID, NAME, TEST_TYPE, TEST_RESULT, STATUS, PAT_AMOUNT, PRACTICE_COST, EMP_ID, TX_ID)
VALUES('test116', 'Veribet', 'bitewing', 'id', 'payment-pending', 174, 13.1, 'emp1038', 'tx16');
INSERT INTO F21_S001_22_LAB_TEST
(TEST_ID, NAME, TEST_TYPE, TEST_RESULT, STATUS, PAT_AMOUNT, PRACTICE_COST, EMP_ID, TX_ID)
VALUES('test117', 'Stim', 'diagnostic', 'vel augue vestibulum', 'canceled', 66.06, 14.78, 'emp1041', 'tx17');
INSERT INTO F21_S001_22_LAB_TEST
(TEST_ID, NAME, TEST_TYPE, TEST_RESULT, STATUS, PAT_AMOUNT, PRACTICE_COST, EMP_ID, TX_ID)
VALUES('test118', 'Gembucket', 'diagnostic', 'sagittis', 'completed', 130.11, 25.36, 'emp1041', 'tx18');
INSERT INTO F21_S001_22_LAB_TEST
(TEST_ID, NAME, TEST_TYPE, TEST_RESULT, STATUS, PAT_AMOUNT, PRACTICE_COST, EMP_ID, TX_ID)
VALUES('test119', 'Biodex', 'tomography', 'vestibulum', 'in-progress', 110.8, 13.05, 'emp1041', 'tx19');
INSERT INTO F21_S001_22_LAB_TEST
(TEST_ID, NAME, TEST_TYPE, TEST_RESULT, STATUS, PAT_AMOUNT, PRACTICE_COST, EMP_ID, TX_ID)
VALUES('test120', 'Opela', 'panoramic', 'non', 'in-progress', 120.81, 10.19, 'emp1042', 'tx20');
INSERT INTO F21_S001_22_LAB_TEST
(TEST_ID, NAME, TEST_TYPE, TEST_RESULT, STATUS, PAT_AMOUNT, PRACTICE_COST, EMP_ID, TX_ID)
VALUES('test121', 'Pannier', 'panoramic', 'nibh ligula nec sem', 'completed', 79.04, 15.02, 'emp1042', 'tx21');
INSERT INTO F21_S001_22_LAB_TEST
(TEST_ID, NAME, TEST_TYPE, TEST_RESULT, STATUS, PAT_AMOUNT, PRACTICE_COST, EMP_ID, TX_ID)
VALUES('test122', 'Y-find', 'periapical', 'nisl aenean lectus pellentesque', 'payment-pending', 88.66, 14.26, 'emp1037', 'tx22');
INSERT INTO F21_S001_22_LAB_TEST
(TEST_ID, NAME, TEST_TYPE, TEST_RESULT, STATUS, PAT_AMOUNT, PRACTICE_COST, EMP_ID, TX_ID)
VALUES('test123', 'Ventosanzap', 'panoramic', 'lobortis ligula sit', 'payment-pending', 105.8, 21.08, 'emp1040', 'tx23');
INSERT INTO F21_S001_22_LAB_TEST
(TEST_ID, NAME, TEST_TYPE, TEST_RESULT, STATUS, PAT_AMOUNT, PRACTICE_COST, EMP_ID, TX_ID)
VALUES('test124', 'Hatity', 'tomography', 'a', 'completed', 156.48, 25.94, 'emp1041', 'tx24');
INSERT INTO F21_S001_22_LAB_TEST
(TEST_ID, NAME, TEST_TYPE, TEST_RESULT, STATUS, PAT_AMOUNT, PRACTICE_COST, EMP_ID, TX_ID)
VALUES('test125', 'Ventosanzap', 'periapical', 'vestibulum ante ipsum', 'completed', 85.4, 22.46, 'emp1037', 'tx25');
INSERT INTO F21_S001_22_LAB_TEST
(TEST_ID, NAME, TEST_TYPE, TEST_RESULT, STATUS, PAT_AMOUNT, PRACTICE_COST, EMP_ID, TX_ID)
VALUES('test126', 'Konklab', 'panoramic', 'nisl duis ac', 'in-progress', 86.06, 12, 'emp1039', 'tx26');
INSERT INTO F21_S001_22_LAB_TEST
(TEST_ID, NAME, TEST_TYPE, TEST_RESULT, STATUS, PAT_AMOUNT, PRACTICE_COST, EMP_ID, TX_ID)
VALUES('test127', 'Fintone', 'bitewing', 'neque aenean auctor gravida', 'completed', 135.12, 8.01, 'emp1042', 'tx27');
INSERT INTO F21_S001_22_LAB_TEST
(TEST_ID, NAME, TEST_TYPE, TEST_RESULT, STATUS, PAT_AMOUNT, PRACTICE_COST, EMP_ID, TX_ID)
VALUES('test128', 'Transcof', 'panoramic', 'lorem integer tincidunt ante', 'in-progress', 101.68, 23.29, 'emp1037', 'tx28');
INSERT INTO F21_S001_22_LAB_TEST
(TEST_ID, NAME, TEST_TYPE, TEST_RESULT, STATUS, PAT_AMOUNT, PRACTICE_COST, EMP_ID, TX_ID)
VALUES('test129', 'Cookley', 'diagnostic', 'vestibulum sit amet cursus', 'completed', 150.38, 17.15, 'emp1042', 'tx29');
INSERT INTO F21_S001_22_LAB_TEST
(TEST_ID, NAME, TEST_TYPE, TEST_RESULT, STATUS, PAT_AMOUNT, PRACTICE_COST, EMP_ID, TX_ID)
VALUES('test130', 'Subin', 'diagnostic', 'id', 'in-progress', 61.73, 19.2, 'emp1038', 'tx30');
INSERT INTO F21_S001_22_LAB_TEST
(TEST_ID, NAME, TEST_TYPE, TEST_RESULT, STATUS, PAT_AMOUNT, PRACTICE_COST, EMP_ID, TX_ID)
VALUES('test131', 'Domainer', 'panoramic', 'quisque erat', 'completed', 89.14, 27.9, 'emp1039', 'tx31');
INSERT INTO F21_S001_22_LAB_TEST
(TEST_ID, NAME, TEST_TYPE, TEST_RESULT, STATUS, PAT_AMOUNT, PRACTICE_COST, EMP_ID, TX_ID)
VALUES('test132', 'Fix San', 'diagnostic', 'eget nunc donec', 'canceled', 117.79, 24.2, 'emp1040', 'tx32');
INSERT INTO F21_S001_22_LAB_TEST
(TEST_ID, NAME, TEST_TYPE, TEST_RESULT, STATUS, PAT_AMOUNT, PRACTICE_COST, EMP_ID, TX_ID)
VALUES('test133', 'Tampflex', 'diagnostic', 'turpis', 'payment-pending', 93.33, 8.03, 'emp1038', 'tx33');
INSERT INTO F21_S001_22_LAB_TEST
(TEST_ID, NAME, TEST_TYPE, TEST_RESULT, STATUS, PAT_AMOUNT, PRACTICE_COST, EMP_ID, TX_ID)
VALUES('test134', 'Bamity', 'panoramic', 'sagittis dui vel', 'completed', 96.29, 6.3, 'emp1038', 'tx34');
INSERT INTO F21_S001_22_LAB_TEST
(TEST_ID, NAME, TEST_TYPE, TEST_RESULT, STATUS, PAT_AMOUNT, PRACTICE_COST, EMP_ID, TX_ID)
VALUES('test135', 'Voyatouch', 'diagnostic', 'ultrices', 'completed', 119.11, 5.37, 'emp1037', 'tx35');
INSERT INTO F21_S001_22_LAB_TEST
(TEST_ID, NAME, TEST_TYPE, TEST_RESULT, STATUS, PAT_AMOUNT, PRACTICE_COST, EMP_ID, TX_ID)
VALUES('test136', 'Transcof', 'bitewing', 'molestie hendrerit at vulputate', 'in-progress', 154.76, 15.16, 'emp1042', 'tx36');
INSERT INTO F21_S001_22_LAB_TEST
(TEST_ID, NAME, TEST_TYPE, TEST_RESULT, STATUS, PAT_AMOUNT, PRACTICE_COST, EMP_ID, TX_ID)
VALUES('test137', 'It', 'tomography', 'enim', 'payment-pending', 174.87, 24.3, 'emp1041', 'tx37');
INSERT INTO F21_S001_22_LAB_TEST
(TEST_ID, NAME, TEST_TYPE, TEST_RESULT, STATUS, PAT_AMOUNT, PRACTICE_COST, EMP_ID, TX_ID)
VALUES('test138', 'Bigtax', 'tomography', 'in hac habitasse', 'payment-pending', 166.52, 11.36, 'emp1036', 'tx38');
INSERT INTO F21_S001_22_LAB_TEST
(TEST_ID, NAME, TEST_TYPE, TEST_RESULT, STATUS, PAT_AMOUNT, PRACTICE_COST, EMP_ID, TX_ID)
VALUES('test139', 'Namfix', 'panoramic', 'vel sem', 'completed', 158.9, 14.6, 'emp1036', 'tx39');
INSERT INTO F21_S001_22_LAB_TEST
(TEST_ID, NAME, TEST_TYPE, TEST_RESULT, STATUS, PAT_AMOUNT, PRACTICE_COST, EMP_ID, TX_ID)
VALUES('test140', 'Redhold', 'periapical', 'mauris ullamcorper purus sit', 'completed', 114.78, 8.37, 'emp1037', 'tx40');
INSERT INTO F21_S001_22_LAB_TEST
(TEST_ID, NAME, TEST_TYPE, TEST_RESULT, STATUS, PAT_AMOUNT, PRACTICE_COST, EMP_ID, TX_ID)
VALUES('test141', 'Bamity', 'bitewing', 'nam', 'payment-pending', 175.55, 23.84, 'emp1037', 'tx41');
INSERT INTO F21_S001_22_LAB_TEST
(TEST_ID, NAME, TEST_TYPE, TEST_RESULT, STATUS, PAT_AMOUNT, PRACTICE_COST, EMP_ID, TX_ID)
VALUES('test142', 'Quo Lux', 'diagnostic', 'quis', 'canceled', 119.61, 5.9, 'emp1042', 'tx42');
INSERT INTO F21_S001_22_LAB_TEST
(TEST_ID, NAME, TEST_TYPE, TEST_RESULT, STATUS, PAT_AMOUNT, PRACTICE_COST, EMP_ID, TX_ID)
VALUES('test143', 'Subin', 'bitewing', 'etiam', 'completed', 68.22, 9.07, 'emp1036', 'tx43');
INSERT INTO F21_S001_22_LAB_TEST
(TEST_ID, NAME, TEST_TYPE, TEST_RESULT, STATUS, PAT_AMOUNT, PRACTICE_COST, EMP_ID, TX_ID)
VALUES('test144', 'Bamity', 'diagnostic', 'velit', 'payment-pending', 165.73, 24.43, 'emp1042', 'tx44');
INSERT INTO F21_S001_22_LAB_TEST
(TEST_ID, NAME, TEST_TYPE, TEST_RESULT, STATUS, PAT_AMOUNT, PRACTICE_COST, EMP_ID, TX_ID)
VALUES('test145', 'Ronstring', 'bitewing', 'ullamcorper', 'in-progress', 112.33, 27.64, 'emp1042', 'tx45');
INSERT INTO F21_S001_22_LAB_TEST
(TEST_ID, NAME, TEST_TYPE, TEST_RESULT, STATUS, PAT_AMOUNT, PRACTICE_COST, EMP_ID, TX_ID)
VALUES('test146', 'Aerified', 'panoramic', 'sodales scelerisque mauris sit', 'completed', 168.32, 15.33, 'emp1039', 'tx46');
INSERT INTO F21_S001_22_LAB_TEST
(TEST_ID, NAME, TEST_TYPE, TEST_RESULT, STATUS, PAT_AMOUNT, PRACTICE_COST, EMP_ID, TX_ID)
VALUES('test147', 'Tin', 'diagnostic', 'quis', 'payment-pending', 135.77, 15.45, 'emp1041', 'tx47');
INSERT INTO F21_S001_22_LAB_TEST
(TEST_ID, NAME, TEST_TYPE, TEST_RESULT, STATUS, PAT_AMOUNT, PRACTICE_COST, EMP_ID, TX_ID)
VALUES('test148', 'Hatity', 'diagnostic', 'cursus', 'in-progress', 161.81, 14.99, 'emp1042', 'tx48');
INSERT INTO F21_S001_22_LAB_TEST
(TEST_ID, NAME, TEST_TYPE, TEST_RESULT, STATUS, PAT_AMOUNT, PRACTICE_COST, EMP_ID, TX_ID)
VALUES('test149', 'Mat Lam Tam', 'periapical', 'donec semper sapien', 'payment-pending', 161.73, 14.35, 'emp1037', 'tx49');
INSERT INTO F21_S001_22_LAB_TEST
(TEST_ID, NAME, TEST_TYPE, TEST_RESULT, STATUS, PAT_AMOUNT, PRACTICE_COST, EMP_ID, TX_ID)
VALUES('test150', 'Voyatouch', 'bitewing', 'at diam', 'payment-pending', 91.71, 9.37, 'emp1042', 'tx50');
INSERT INTO F21_S001_22_LAB_TEST
(TEST_ID, NAME, TEST_TYPE, TEST_RESULT, STATUS, PAT_AMOUNT, PRACTICE_COST, EMP_ID, TX_ID)
VALUES('test151', 'Lotstring', 'bitewing', 'penatibus et', 'in-progress', 161.92, 5.18, 'emp1039', 'tx51');
INSERT INTO F21_S001_22_LAB_TEST
(TEST_ID, NAME, TEST_TYPE, TEST_RESULT, STATUS, PAT_AMOUNT, PRACTICE_COST, EMP_ID, TX_ID)
VALUES('test152', 'Tin', 'periapical', 'ac consequat metus', 'payment-pending', 137.32, 20.99, 'emp1039', 'tx52');
INSERT INTO F21_S001_22_LAB_TEST
(TEST_ID, NAME, TEST_TYPE, TEST_RESULT, STATUS, PAT_AMOUNT, PRACTICE_COST, EMP_ID, TX_ID)
VALUES('test153', 'Lotlux', 'panoramic', 'quisque', 'canceled', 70.46, 19.43, 'emp1038', 'tx53');
INSERT INTO F21_S001_22_LAB_TEST
(TEST_ID, NAME, TEST_TYPE, TEST_RESULT, STATUS, PAT_AMOUNT, PRACTICE_COST, EMP_ID, TX_ID)
VALUES('test154', 'Bitchip', 'bitewing', 'viverra eget congue eget', 'canceled', 94.07, 26.29, 'emp1038', 'tx54');
INSERT INTO F21_S001_22_LAB_TEST
(TEST_ID, NAME, TEST_TYPE, TEST_RESULT, STATUS, PAT_AMOUNT, PRACTICE_COST, EMP_ID, TX_ID)
VALUES('test155', 'Tresom', 'panoramic', 'ut ultrices vel', 'payment-pending', 67.55, 11.74, 'emp1039', 'tx55');
INSERT INTO F21_S001_22_LAB_TEST
(TEST_ID, NAME, TEST_TYPE, TEST_RESULT, STATUS, PAT_AMOUNT, PRACTICE_COST, EMP_ID, TX_ID)
VALUES('test156', 'Voltsillam', 'tomography', 'sit amet', 'canceled', 119.86, 23.35, 'emp1036', 'tx56');
INSERT INTO F21_S001_22_LAB_TEST
(TEST_ID, NAME, TEST_TYPE, TEST_RESULT, STATUS, PAT_AMOUNT, PRACTICE_COST, EMP_ID, TX_ID)
VALUES('test157', 'Biodex', 'bitewing', 'tortor', 'canceled', 127.1, 11.83, 'emp1041', 'tx57');
INSERT INTO F21_S001_22_LAB_TEST
(TEST_ID, NAME, TEST_TYPE, TEST_RESULT, STATUS, PAT_AMOUNT, PRACTICE_COST, EMP_ID, TX_ID)
VALUES('test158', 'Temp', 'tomography', 'lobortis ligula sit amet', 'completed', 60, 24.76, 'emp1042', 'tx58');
INSERT INTO F21_S001_22_LAB_TEST
(TEST_ID, NAME, TEST_TYPE, TEST_RESULT, STATUS, PAT_AMOUNT, PRACTICE_COST, EMP_ID, TX_ID)
VALUES('test159', 'Sonair', 'periapical', 'augue luctus tincidunt nulla', 'completed', 69.69, 14.32, 'emp1040', 'tx59');
INSERT INTO F21_S001_22_LAB_TEST
(TEST_ID, NAME, TEST_TYPE, TEST_RESULT, STATUS, PAT_AMOUNT, PRACTICE_COST, EMP_ID, TX_ID)
VALUES('test160', 'Ventosanzap', 'bitewing', 'sed magna at nunc', 'in-progress', 84.02, 9.02, 'emp1037', 'tx60');
INSERT INTO F21_S001_22_LAB_TEST
(TEST_ID, NAME, TEST_TYPE, TEST_RESULT, STATUS, PAT_AMOUNT, PRACTICE_COST, EMP_ID, TX_ID)
VALUES('test161', 'Pannier', 'bitewing', 'rhoncus sed vestibulum sit', 'in-progress', 179.19, 13.21, 'emp1036', 'tx61');
INSERT INTO F21_S001_22_LAB_TEST
(TEST_ID, NAME, TEST_TYPE, TEST_RESULT, STATUS, PAT_AMOUNT, PRACTICE_COST, EMP_ID, TX_ID)
VALUES('test162', 'Transcof', 'panoramic', 'id', 'canceled', 136.27, 22.59, 'emp1039', 'tx62');
INSERT INTO F21_S001_22_LAB_TEST
(TEST_ID, NAME, TEST_TYPE, TEST_RESULT, STATUS, PAT_AMOUNT, PRACTICE_COST, EMP_ID, TX_ID)
VALUES('test163', 'Duobam', 'bitewing', 'amet eleifend', 'in-progress', 148.32, 8.95, 'emp1037', 'tx63');
INSERT INTO F21_S001_22_LAB_TEST
(TEST_ID, NAME, TEST_TYPE, TEST_RESULT, STATUS, PAT_AMOUNT, PRACTICE_COST, EMP_ID, TX_ID)
VALUES('test164', 'Domainer', 'tomography', 'pede justo lacinia eget', 'in-progress', 60.73, 6.66, 'emp1036', 'tx64');
INSERT INTO F21_S001_22_LAB_TEST
(TEST_ID, NAME, TEST_TYPE, TEST_RESULT, STATUS, PAT_AMOUNT, PRACTICE_COST, EMP_ID, TX_ID)
VALUES('test165', 'Daltfresh', 'periapical', 'vestibulum ac est', 'payment-pending', 124.77, 16.36, 'emp1042', 'tx65');
INSERT INTO F21_S001_22_LAB_TEST
(TEST_ID, NAME, TEST_TYPE, TEST_RESULT, STATUS, PAT_AMOUNT, PRACTICE_COST, EMP_ID, TX_ID)
VALUES('test166', 'Cardguard', 'diagnostic', 'risus auctor sed', 'canceled', 162.66, 25.98, 'emp1038', 'tx66');
INSERT INTO F21_S001_22_LAB_TEST
(TEST_ID, NAME, TEST_TYPE, TEST_RESULT, STATUS, PAT_AMOUNT, PRACTICE_COST, EMP_ID, TX_ID)
VALUES('test167', 'Konklab', 'tomography', 'ac est', 'payment-pending', 178.46, 19.76, 'emp1041', 'tx67');
INSERT INTO F21_S001_22_LAB_TEST
(TEST_ID, NAME, TEST_TYPE, TEST_RESULT, STATUS, PAT_AMOUNT, PRACTICE_COST, EMP_ID, TX_ID)
VALUES('test168', 'Duobam', 'bitewing', 'hac habitasse platea', 'completed', 61.78, 6.49, 'emp1036', 'tx68');
INSERT INTO F21_S001_22_LAB_TEST
(TEST_ID, NAME, TEST_TYPE, TEST_RESULT, STATUS, PAT_AMOUNT, PRACTICE_COST, EMP_ID, TX_ID)
VALUES('test169', 'Bamity', 'diagnostic', 'pellentesque ultrices', 'completed', 135.55, 14.67, 'emp1037', 'tx69');
INSERT INTO F21_S001_22_LAB_TEST
(TEST_ID, NAME, TEST_TYPE, TEST_RESULT, STATUS, PAT_AMOUNT, PRACTICE_COST, EMP_ID, TX_ID)
VALUES('test170', 'Asoka', 'periapical', 'id lobortis convallis tortor', 'canceled', 170.3, 6.19, 'emp1039', 'tx70');
INSERT INTO F21_S001_22_LAB_TEST
(TEST_ID, NAME, TEST_TYPE, TEST_RESULT, STATUS, PAT_AMOUNT, PRACTICE_COST, EMP_ID, TX_ID)
VALUES('test171', 'Duobam', 'periapical', 'duis consequat', 'completed', 115.17, 24.38, 'emp1041', 'tx71');
INSERT INTO F21_S001_22_LAB_TEST
(TEST_ID, NAME, TEST_TYPE, TEST_RESULT, STATUS, PAT_AMOUNT, PRACTICE_COST, EMP_ID, TX_ID)
VALUES('test172', 'It', 'bitewing', 'eu tincidunt', 'canceled', 60.85, 10.58, 'emp1041', 'tx72');
INSERT INTO F21_S001_22_LAB_TEST
(TEST_ID, NAME, TEST_TYPE, TEST_RESULT, STATUS, PAT_AMOUNT, PRACTICE_COST, EMP_ID, TX_ID)
VALUES('test173', 'Daltfresh', 'periapical', 'porta volutpat quam', 'payment-pending', 105.46, 26.69, 'emp1039', 'tx73');
INSERT INTO F21_S001_22_LAB_TEST
(TEST_ID, NAME, TEST_TYPE, TEST_RESULT, STATUS, PAT_AMOUNT, PRACTICE_COST, EMP_ID, TX_ID)
VALUES('test174', 'Bytecard', 'tomography', 'eu', 'canceled', 133.88, 10.56, 'emp1037', 'tx74');
INSERT INTO F21_S001_22_LAB_TEST
(TEST_ID, NAME, TEST_TYPE, TEST_RESULT, STATUS, PAT_AMOUNT, PRACTICE_COST, EMP_ID, TX_ID)
VALUES('test175', 'Toughjoyfax', 'periapical', 'praesent blandit', 'in-progress', 82.76, 27.09, 'emp1040', 'tx75');
INSERT INTO F21_S001_22_LAB_TEST
(TEST_ID, NAME, TEST_TYPE, TEST_RESULT, STATUS, PAT_AMOUNT, PRACTICE_COST, EMP_ID, TX_ID)
VALUES('test176', 'Zaam-Dox', 'bitewing', 'sit amet sapien dignissim', 'canceled', 96.1, 17.38, 'emp1038', 'tx76');
INSERT INTO F21_S001_22_LAB_TEST
(TEST_ID, NAME, TEST_TYPE, TEST_RESULT, STATUS, PAT_AMOUNT, PRACTICE_COST, EMP_ID, TX_ID)
VALUES('test177', 'Zathin', 'tomography', 'donec vitae', 'payment-pending', 102.61, 5.91, 'emp1041', 'tx77');
INSERT INTO F21_S001_22_LAB_TEST
(TEST_ID, NAME, TEST_TYPE, TEST_RESULT, STATUS, PAT_AMOUNT, PRACTICE_COST, EMP_ID, TX_ID)
VALUES('test178', 'Asoka', 'tomography', 'faucibus cursus urna', 'payment-pending', 63.32, 25.43, 'emp1037', 'tx78');
INSERT INTO F21_S001_22_LAB_TEST
(TEST_ID, NAME, TEST_TYPE, TEST_RESULT, STATUS, PAT_AMOUNT, PRACTICE_COST, EMP_ID, TX_ID)
VALUES('test179', 'Alpha', 'bitewing', 'nulla nunc purus', 'completed', 128.02, 9.23, 'emp1040', 'tx79');
INSERT INTO F21_S001_22_LAB_TEST
(TEST_ID, NAME, TEST_TYPE, TEST_RESULT, STATUS, PAT_AMOUNT, PRACTICE_COST, EMP_ID, TX_ID)
VALUES('test180', 'Bitwolf', 'panoramic', 'duis', 'payment-pending', 152.6, 10.1, 'emp1036', 'tx80');

-- ------------------------------------------------------------------------------------------------------------------------------------------
-- this add constraint query should only execute after inserting all the data into all tables 
-- ---------------------------------------------------------------------------------------------
-- Query to add foreign key constraint in table F21_S001_22_practice and F21_S001_22_employee
-- ---------------------------------------------------------------------------------------------

ALTER TABLE F21_S001_22_practice ADD CONSTRAINT practice_fk FOREIGN KEY(mgr_emp_id) REFERENCES F21_S001_22_employee(emp_id) ON DELETE CASCADE;
ALTER TABLE F21_S001_22_employee ADD CONSTRAINT employee_fk FOREIGN KEY(practice_id) REFERENCES F21_S001_22_practice(practice_id) ON DELETE CASCADE;

-- ------------------------------------------------------------------------------------------------------------------------------------------
